"Name";"Feature ";"Products ";"Cells";"Empty Cells";"Ratio EmCell";"Nombre de Features Homogenes";"Ratio de Features Homogenes";"Nombre de Features Homogenes Numeriques";"Product Chartable";"Testing Score"
"1981_Super_Bowl_of_Poker_0.pcm";"2";"3";"6";"0";"0.0";"1";"100.0";"0";"false";"0"
"1981_in_Swedish_football_6.pcm";"10";"14";"140";"0";"0.0";"9";"100.0";"7";"true";"0"
"1982_83_FA_Trophy_17.pcm";"4";"2";"8";"0";"0.0";"3";"100.0";"0";"false";"0"
"1982_83_Atlanta_Hawks_season_0.pcm";"6";"8";"48";"7";"14.583333333333334";"5";"100.0";"1";"false";"0"
"1981_World_Artistic_Gymnastics_Championships_14.pcm";"5";"8";"40";"0";"0.0";"3";"75.0";"3";"true";"0"
"1981_Trans_America_Athletic_Conference_Baseball_Tournament_1.pcm";"3";"11";"33";"0";"0.0";"2";"100.0";"0";"false";"0"
"1981_Sligo_Intermediate_Football_Championship_1.pcm";"7";"3";"21";"0";"0.0";"5";"83.33333333333333";"0";"false";"0"
"1982_83_Division_1_season__Swedish_ice_hockey__8.pcm";"9";"8";"72";"0";"0.0";"8";"100.0";"7";"true";"0"
"1981_in_marathon_running_3.pcm";"7";"50";"350";"50";"14.285714285714286";"6";"100.0";"1";"false";"0"
"1982_83_NHL_season_0.pcm";"2";"15";"30";"0";"0.0";"1";"100.0";"0";"false";"0"
"1982_83_Liga_Nacional_de_Hockey_Hielo_season_1.pcm";"8";"4";"32";"0";"0.0";"7";"100.0";"5";"true";"0"
"1982_83_FDGB-Pokal_6.pcm";"6";"1";"6";"0";"0.0";"5";"100.0";"1";"false";"0"
"1981_World_Sportscar_Championship_season_4.pcm";"9";"6";"54";"24";"44.44444444444444";"7";"87.5";"3";"true";"0"
"1982_83_La_Liga_4.pcm";"1";"1";"1";"0";"0.0";"0";"0.0";"0";"false";"0"
"1981_Super_Bowl_of_Poker_9.pcm";"3";"3";"9";"0";"0.0";"2";"100.0";"0";"false";"0"
"1982_83_Michigan_Wolverines_men_s_basketball_team_0.pcm";"6";"8";"48";"0";"0.0";"5";"100.0";"3";"true";"0"
"1982_83_FDGB-Pokal_0.pcm";"6";"2";"12";"0";"0.0";"5";"100.0";"0";"false";"0"
"1981_Women_s_Hockey_World_Cup_1.pcm";"9";"6";"54";"0";"0.0";"7";"87.5";"7";"true";"0"
"1982_83_Colchester_United_F.C._season_14.pcm";"2";"3";"6";"0";"0.0";"1";"100.0";"1";"false";"0"
"1981_in_athletics__track_and_field__20.pcm";"3";"5";"15";"0";"0.0";"2";"100.0";"1";"false";"0"
"1981_San_Francisco_49ers_season_1.pcm";"10";"4";"40";"0";"0.0";"9";"100.0";"1";"false";"0"
"1981_Tour_de_France_2.pcm";"4";"10";"40";"0";"0.0";"3";"100.0";"0";"false";"0"
"1982_83_Alpha_Ethniki_1.pcm";"1";"3";"3";"0";"0.0";"0";"0.0";"0";"false";"0"
"1982_83_Calgary_Flames_season_5.pcm";"1";"0";"0";"0";"0.0";"0";"0.0";"0";"false";"0"
"1982_83_Israel_State_Cup_3.pcm";"3";"0";"0";"0";"0.0";"0";"0.0";"0";"false";"0"
"1981_Sligo_Intermediate_Football_Championship_0.pcm";"7";"4";"28";"0";"0.0";"6";"100.0";"0";"false";"0"
"1981_U.S._Open__golf__1.pcm";"10";"7";"70";"0";"0.0";"8";"88.88888888888889";"5";"true";"0"
"1982_83_Indiana_Pacers_season_0.pcm";"6";"0";"0";"0";"0.0";"0";"0.0";"0";"false";"0"
"1981_World_Rally_Championship_season_4.pcm";"1";"3";"3";"0";"0.0";"0";"0.0";"0";"false";"0"
"1982_83_FIRA_Trophy_1.pcm";"1";"0";"0";"0";"0.0";"0";"0.0";"0";"false";"0"
"1981_Southeastern_Conference_Baseball_Tournament_0.pcm";"1";"0";"0";"0";"0.0";"0";"0.0";"0";"false";"0"
"1982_83_Milwaukee_Bucks_season_1.pcm";"12";"16";"192";"176";"91.66666666666667";"11";"100.0";"0";"false";"0"
"1981_in_athletics__track_and_field__27.pcm";"3";"5";"15";"0";"0.0";"2";"100.0";"0";"false";"0"
"1981_San_Diego_Padres_season_4.pcm";"7";"2";"14";"0";"0.0";"6";"100.0";"6";"true";"0"
"1981_United_States_Grand_Prix_West_0.pcm";"8";"29";"232";"5";"2.1551724137931036";"3";"42.857142857142854";"0";"false";"0"
"1982_83_Aston_Villa_F.C._season_0.pcm";"1";"0";"0";"0";"0.0";"0";"0.0";"0";"false";"0"
"1982_83_British_Home_Championship_0.pcm";"5";"8";"40";"0";"0.0";"4";"100.0";"4";"true";"0"
"1982_83_FIBA_Kora__Cup_1.pcm";"1";"0";"0";"0";"0.0";"0";"0.0";"0";"false";"0"
"1982_83_FA_Cup_3.pcm";"6";"20";"120";"0";"0.0";"4";"80.0";"0";"false";"0"
"1981_UCI_Track_Cycling_World_Championships_1.pcm";"6";"13";"78";"0";"0.0";"4";"80.0";"4";"true";"0"
"1982_83_DFB-Pokal_10.pcm";"1";"0";"0";"0";"0.0";"0";"0.0";"0";"false";"0"
"1981_World_Junior_Ice_Hockey_Championships_8.pcm";"5";"7";"35";"0";"0.0";"4";"100.0";"4";"true";"0"
"1981_US_Open___Women_s_Singles_0.pcm";"1";"0";"0";"0";"0.0";"0";"0.0";"0";"false";"0"
"1981_Uber_Cup_3.pcm";"4";"1";"4";"0";"0.0";"3";"100.0";"0";"false";"0"
"1981_World_Junior_Ice_Hockey_Championships_4.pcm";"5";"7";"35";"0";"0.0";"4";"100.0";"4";"true";"0"
"1981_Torneo_di_Viareggio_0.pcm";"9";"4";"36";"0";"0.0";"8";"100.0";"7";"true";"0"
"1982_83_Huddersfield_Town_A.F.C._season_3.pcm";"11";"20";"220";"0";"0.0";"8";"80.0";"6";"true";"0"
"1982_83_Montreal_Canadiens_season_1.pcm";"11";"29";"319";"0";"0.0";"9";"90.0";"8";"true";"0"
"1981_San_Jose_Earthquakes_season_1.pcm";"5";"5";"25";"0";"0.0";"4";"100.0";"4";"true";"0"
"1982_83_BHL_season_3.pcm";"3";"7";"21";"0";"0.0";"2";"100.0";"2";"true";"0"
"1981_San_Diego_Chargers_season_1.pcm";"6";"2";"12";"0";"0.0";"5";"100.0";"0";"false";"0"
"1982_83_FA_Trophy_22.pcm";"3";"1";"3";"0";"0.0";"2";"100.0";"0";"false";"0"
"1982_83_Colchester_United_F.C._season_12.pcm";"2";"0";"0";"0";"0.0";"0";"0.0";"0";"false";"0"
"1981_Tampa_Bay_Buccaneers_season_3.pcm";"5";"0";"0";"0";"0.0";"0";"0.0";"0";"false";"0"
"1981_San_Diego_Padres_season_3.pcm";"7";"3";"21";"0";"0.0";"6";"100.0";"6";"true";"0"
"1982_83_Aston_Villa_F.C._season_1.pcm";"1";"0";"0";"0";"0.0";"0";"0.0";"0";"false";"0"
"1982_83_John_Player_Cup_6.pcm";"1";"0";"0";"0";"0.0";"0";"0.0";"0";"false";"0"
"1982_83_FA_Trophy_5.pcm";"4";"32";"128";"0";"0.0";"3";"100.0";"0";"false";"0"
"1982_83_Boston_Bruins_season_4.pcm";"3";"7";"21";"0";"0.0";"2";"100.0";"2";"true";"0"
"1982_83_I-Divisioona_season_0.pcm";"8";"10";"80";"0";"0.0";"7";"100.0";"5";"true";"0"
"1982_83_IHL_season_0.pcm";"5";"7";"35";"0";"0.0";"4";"100.0";"4";"true";"0"
"1981_in_music_4.pcm";"6";"5";"30";"0";"0.0";"5";"100.0";"1";"false";"0"
"1981_St._Louis_Cardinals_season_3.pcm";"7";"4";"28";"0";"0.0";"6";"100.0";"6";"true";"0"
"1981_Skate_Canada_International_2.pcm";"3";"10";"30";"10";"33.333333333333336";"0";"0.0";"0";"false";"0"
"1981_Torneo_Descentralizado_1.pcm";"11";"6";"66";"0";"0.0";"10";"100.0";"8";"true";"0"
"1982_83_Division_1_season__Swedish_ice_hockey__7.pcm";"9";"8";"72";"0";"0.0";"8";"100.0";"7";"true";"0"
"1982_83_Denver_Nuggets_season_3.pcm";"1";"11";"11";"0";"0.0";"0";"0.0";"0";"false";"0"
"1981_World_Artistic_Gymnastics_Championships_19.pcm";"6";"7";"42";"0";"0.0";"4";"80.0";"4";"true";"0"
"1981_World_Figure_Skating_Championships_1.pcm";"6";"6";"36";"0";"0.0";"5";"100.0";"5";"true";"0"
"1981_World_Sportscar_Championship_season_3.pcm";"6";"8";"48";"15";"31.25";"1";"20.0";"1";"false";"0"
"1981_San_Marino_Grand_Prix_0.pcm";"8";"32";"256";"14";"5.46875";"2";"28.571428571428573";"0";"false";"0"
"1982_83_Major_Indoor_Soccer_League_season_6.pcm";"1";"0";"0";"0";"0.0";"0";"0.0";"0";"false";"0"
"1981_in_paleontology_4.pcm";"5";"1";"5";"2";"40.0";"4";"100.0";"0";"false";"0"
"1981_Vuelta_a_Espa_a_5.pcm";"4";"3";"12";"0";"0.0";"3";"100.0";"1";"false";"0"
"1982_83_DDR-Oberliga_0.pcm";"10";"14";"140";"0";"0.0";"9";"100.0";"7";"true";"0"
"1982_83_DFB-Pokal_9.pcm";"1";"0";"0";"0";"0.0";"0";"0.0";"0";"false";"0"
"1982_83_Calgary_Flames_season_0.pcm";"1";"0";"0";"0";"0.0";"0";"0.0";"0";"false";"0"
"1981_San_Francisco_49ers_season_8.pcm";"3";"1";"3";"2";"66.66666666666667";"2";"100.0";"0";"false";"0"
"1982_83_Four_Hills_Tournament_0.pcm";"8";"4";"32";"4";"12.5";"7";"100.0";"0";"false";"0"
"1982_83_FA_Cup_4.pcm";"5";"10";"50";"0";"0.0";"3";"75.0";"0";"false";"0"
"1981_South_American_Junior_Championships_in_Athletics_1.pcm";"7";"15";"105";"0";"0.0";"3";"50.0";"0";"false";"0"
"1982_83_FA_Trophy_14.pcm";"4";"1";"4";"0";"0.0";"3";"100.0";"0";"false";"0"
"1982_83_Burnley_F.C._season_1.pcm";"2";"8";"16";"0";"0.0";"1";"100.0";"1";"false";"0"
"1982_83_Georgetown_Hoyas_men_s_basketball_team_0.pcm";"8";"14";"112";"0";"0.0";"6";"85.71428571428571";"0";"false";"0"
"1981_Torneo_Descentralizado_0.pcm";"5";"16";"80";"0";"0.0";"4";"100.0";"0";"false";"0"
"1982_83_IHL_season_1.pcm";"5";"7";"35";"0";"0.0";"4";"100.0";"4";"true";"0"
"1981_World_Ice_Hockey_Championships_1.pcm";"8";"4";"32";"0";"0.0";"7";"100.0";"5";"true";"0"
"1982_83_Aberdeen_F.C._season_4.pcm";"5";"9";"45";"0";"0.0";"4";"100.0";"4";"true";"0"
"1982_83_FA_Trophy_18.pcm";"4";"4";"16";"0";"0.0";"3";"100.0";"0";"false";"0"
"1982_83_Colchester_United_F.C._season_4.pcm";"4";"9";"36";"0";"0.0";"0";"0.0";"0";"false";"0"
"1981_St._Louis_Cardinals_season_4.pcm";"7";"2";"14";"0";"0.0";"6";"100.0";"6";"true";"0"
"1982_83_FA_Cup_Qualifying_Rounds_7.pcm";"4";"17";"68";"0";"0.0";"3";"100.0";"0";"false";"0"
"1981_Scottish_Cup_Final_0.pcm";"1";"0";"0";"0";"0.0";"0";"0.0";"0";"false";"0"
"1981_Super_Bowl_of_Poker_1.pcm";"3";"3";"9";"0";"0.0";"2";"100.0";"0";"false";"0"
"1981_World_Judo_Championships_0.pcm";"4";"7";"28";"6";"21.428571428571427";"3";"100.0";"0";"false";"0"
"1981_Tour_de_France_8.pcm";"4";"5";"20";"0";"0.0";"3";"100.0";"1";"false";"0"
"1982_83_Biathlon_World_Cup_9.pcm";"3";"9";"27";"0";"0.0";"2";"100.0";"2";"true";"0"
"1982_83_Liverpool_F.C._season_8.pcm";"1";"0";"0";"0";"0.0";"0";"0.0";"0";"false";"0"
"1981_in_basketball_1.pcm";"2";"0";"0";"0";"0.0";"0";"0.0";"0";"false";"0"
"1981_World_Rally_Championship_season_0.pcm";"15";"14";"210";"0";"0.0";"4";"28.571428571428573";"1";"false";"0"
"1982_83_Buffalo_Sabres_season_0.pcm";"6";"80";"480";"0";"0.0";"5";"100.0";"0";"false";"0"
"1981_World_Junior_Ice_Hockey_Championships_2.pcm";"5";"7";"35";"0";"0.0";"4";"100.0";"4";"true";"0"
"1982_83_Manchester_United_F.C._season_5.pcm";"12";"22";"264";"0";"0.0";"9";"81.81818181818181";"8";"true";"0"
"1982_83_Division_1_season__Swedish_ice_hockey__6.pcm";"9";"10";"90";"0";"0.0";"8";"100.0";"7";"true";"0"
"1982_83_NBA_season_1.pcm";"4";"8";"32";"0";"0.0";"2";"66.66666666666667";"0";"false";"0"
"1982_83_Ekstraklasa_0.pcm";"9";"16";"144";"0";"0.0";"8";"100.0";"7";"true";"0"
"1981_St._George_Whiskies_season_0.pcm";"1";"5";"5";"0";"0.0";"0";"0.0";"0";"false";"0"
"1981_San_Jose_Earthquakes_season_0.pcm";"5";"32";"160";"12";"7.5";"3";"75.0";"1";"false";"0"
"1982_83_Elitserien_season_0.pcm";"9";"10";"90";"0";"0.0";"8";"100.0";"7";"true";"0"
"1982_83_CHL_season_0.pcm";"7";"7";"49";"0";"0.0";"6";"100.0";"6";"true";"0"
"1981_World_Figure_Skating_Championships_5.pcm";"6";"21";"126";"0";"0.0";"5";"100.0";"3";"true";"0"
"1981_Seattle_Seahawks_season_0.pcm";"4";"14";"56";"0";"0.0";"3";"100.0";"0";"false";"0"
"1981_San_Marino_Grand_Prix_2.pcm";"3";"5";"15";"0";"0.0";"2";"100.0";"1";"false";"0"
"1982_1._deild_karla_1.pcm";"3";"7";"21";"0";"0.0";"2";"100.0";"1";"false";"0"
"1981_in_athletics__track_and_field__4.pcm";"3";"5";"15";"0";"0.0";"2";"100.0";"0";"false";"0"
"1982_83_Bundesliga_0.pcm";"3";"18";"54";"0";"0.0";"2";"100.0";"0";"false";"0"
"1981_Women_s_British_Open_Squash_Championship_0.pcm";"3";"2";"6";"1";"16.666666666666668";"2";"100.0";"0";"false";"0"
"1981_Wimbledon_Championships___Women_s_Singles_0.pcm";"1";"0";"0";"0";"0.0";"0";"0.0";"0";"false";"0"
"1982_83_FA_Cup_Qualifying_Rounds_13.pcm";"4";"8";"32";"0";"0.0";"3";"100.0";"0";"false";"0"
"1982_83_Leicester_City_F.C._season_3.pcm";"6";"42";"252";"9";"3.5714285714285716";"4";"80.0";"0";"false";"0"
"1982_83_FA_Cup_Qualifying_Rounds_2.pcm";"4";"1";"4";"0";"0.0";"3";"100.0";"0";"false";"0"
"1982_83_FIS_Cross-Country_World_Cup_3.pcm";"4";"10";"40";"0";"0.0";"3";"100.0";"1";"false";"0"
"1981_Women_s_World_Team_Squash_Championships_4.pcm";"4";"6";"24";"0";"0.0";"3";"100.0";"0";"false";"0"
"1981_Super_Bowl_of_Poker_10.pcm";"3";"3";"9";"0";"0.0";"2";"100.0";"0";"false";"0"
"1981_United_States_Grand_Prix_West_1.pcm";"3";"5";"15";"0";"0.0";"2";"100.0";"1";"false";"0"
"1981_South_Africa_rugby_union_tour_1.pcm";"4";"3";"12";"0";"0.0";"3";"100.0";"0";"false";"0"
"1981_Toronto_Blue_Jays_season_6.pcm";"11";"8";"88";"0";"0.0";"10";"100.0";"10";"true";"0"
"1981_Skate_Canada_International_1.pcm";"4";"12";"48";"0";"0.0";"3";"100.0";"1";"false";"0"
"1981_Women_s_World_Team_Squash_Championships_3.pcm";"7";"7";"49";"5";"10.204081632653061";"5";"83.33333333333333";"4";"true";"0"
"1982_83_FA_Trophy_4.pcm";"4";"1";"4";"0";"0.0";"3";"100.0";"0";"false";"0"
"1981_UCI_Road_World_Championships_2.pcm";"12";"2";"24";"3";"12.5";"11";"100.0";"0";"false";"0"
"1981_in_Brazilian_football_4.pcm";"2";"1";"2";"0";"0.0";"1";"100.0";"0";"false";"0"
"1981_Ryder_Cup_5.pcm";"7";"2";"14";"0";"0.0";"6";"100.0";"0";"false";"0"
"1982_83_NFL_playoffs_0.pcm";"3";"8";"24";"0";"0.0";"2";"100.0";"0";"false";"0"
"1982_83_Albanian_Superliga_0.pcm";"9";"14";"126";"0";"0.0";"8";"100.0";"7";"true";"0"
"1981_Super_Bowl_of_Poker_2.pcm";"3";"3";"9";"0";"0.0";"2";"100.0";"0";"false";"0"
"1981_World_Ice_Hockey_Championships_6.pcm";"2";"0";"0";"0";"0.0";"0";"0.0";"0";"false";"0"
"1981_in_athletics__track_and_field__37.pcm";"3";"5";"15";"0";"0.0";"2";"100.0";"0";"false";"0"
"1981_South_American_U-20_Championship_4.pcm";"9";"4";"36";"0";"0.0";"8";"100.0";"7";"true";"0"
"1981_in_American_television_0.pcm";"2";"21";"42";"0";"0.0";"0";"0.0";"0";"false";"0"
"1981_World_Ice_Hockey_Championships_2.pcm";"8";"4";"32";"0";"0.0";"7";"100.0";"5";"true";"0"
"1982_83_Major_Indoor_Soccer_League_season_9.pcm";"6";"5";"30";"0";"0.0";"5";"100.0";"4";"true";"0"
"1981_UEFA_European_Under-18_Championship_8.pcm";"9";"4";"36";"0";"0.0";"8";"100.0";"7";"true";"0"
"1982_83_Los_Angeles_Lakers_season_1.pcm";"5";"5";"25";"7";"28.0";"1";"25.0";"0";"false";"0"
"1981_in_country_music_1.pcm";"4";"34";"136";"0";"0.0";"2";"66.66666666666667";"1";"false";"0"
"1981_UEFA_European_Under-18_Championship_2.pcm";"9";"4";"36";"0";"0.0";"8";"100.0";"7";"true";"0"
"1981_TANFL_season_0.pcm";"14";"1";"14";"0";"0.0";"13";"100.0";"0";"false";"0"
"1982_83_Israel_State_Cup_5.pcm";"3";"0";"0";"0";"0.0";"0";"0.0";"0";"false";"0"
"1982_83_Aberdeen_F.C._season_2.pcm";"5";"9";"45";"0";"0.0";"4";"100.0";"4";"true";"0"
"1982_83_Alpha_Ethniki_3.pcm";"19";"18";"342";"18";"5.2631578947368425";"18";"100.0";"0";"false";"0"
"1982_83_FDGB-Pokal_1.pcm";"6";"35";"210";"0";"0.0";"5";"100.0";"0";"false";"0"
"1982_83_BHL_season_2.pcm";"6";"7";"42";"0";"0.0";"5";"100.0";"5";"true";"0"
"1982_83_KNVB_Cup_7.pcm";"4";"4";"16";"0";"0.0";"3";"100.0";"0";"false";"0"
"1982_83_Denver_Nuggets_season_1.pcm";"2";"8";"16";"8";"50.0";"1";"100.0";"0";"false";"0"
"1981_in_athletics__track_and_field__18.pcm";"3";"5";"15";"0";"0.0";"2";"100.0";"1";"false";"0"
"1981_in_Luxembourg_0.pcm";"2";"6";"12";"0";"0.0";"1";"100.0";"0";"false";"0"
"1982_83_Division_1_season__Swedish_ice_hockey__1.pcm";"9";"8";"72";"0";"0.0";"8";"100.0";"7";"true";"0"
"1982_83_Alpha_Ethniki_0.pcm";"20";"18";"360";"0";"0.0";"19";"100.0";"17";"true";"0"
"1982_83_Honduran_Liga_Nacional_0.pcm";"2";"0";"0";"0";"0.0";"0";"0.0";"0";"false";"0"
"1982_83_Iraqi_League_0.pcm";"3";"12";"36";"0";"0.0";"2";"100.0";"1";"false";"0"
"1982_83_A_Group_0.pcm";"9";"16";"144";"0";"0.0";"8";"100.0";"7";"true";"0"
"1981_in_country_music_2.pcm";"5";"55";"275";"0";"0.0";"4";"100.0";"1";"false";"0"
"1981_Torneo_di_Viareggio_4.pcm";"1";"1";"1";"0";"0.0";"0";"0.0";"0";"false";"0"
"1982_83_Division_1_season__Swedish_ice_hockey__0.pcm";"9";"10";"90";"0";"0.0";"8";"100.0";"7";"true";"0"
"1981_World_Ice_Hockey_Championships_4.pcm";"8";"8";"64";"0";"0.0";"7";"100.0";"5";"true";"0"
"1981_World_Junior_Ice_Hockey_Championships_11.pcm";"6";"6";"36";"0";"0.0";"5";"100.0";"3";"true";"0"
"1982_83_Football_League_Cup_5.pcm";"4";"6";"24";"0";"0.0";"3";"100.0";"0";"false";"0"
"1982_83_Manchester_United_F.C._season_1.pcm";"4";"9";"36";"0";"0.0";"0";"0.0";"0";"false";"0"
"1981_SMU_Mustangs_football_team_0.pcm";"5";"3";"15";"0";"0.0";"4";"100.0";"2";"true";"0"
"1982_83_FA_Cup_2.pcm";"6";"44";"264";"0";"0.0";"4";"80.0";"0";"false";"0"
"1981_UEFA_European_Under-18_Championship_4.pcm";"5";"8";"40";"0";"0.0";"4";"100.0";"4";"true";"0"
"1982_83_Mersin__dmanyurdu_season_1.pcm";"15";"18";"270";"0";"0.0";"13";"92.85714285714286";"11";"true";"0"
"1982_83_Football_League_Cup_10.pcm";"5";"2";"10";"0";"0.0";"4";"100.0";"0";"false";"0"
"1981_in_athletics__track_and_field__8.pcm";"3";"5";"15";"0";"0.0";"2";"100.0";"0";"false";"0"
"1981_Texas_Rangers_season_5.pcm";"3";"6";"18";"0";"0.0";"2";"100.0";"2";"true";"0"
"1981_World_Ice_Hockey_Championships_3.pcm";"8";"4";"32";"0";"0.0";"7";"100.0";"5";"true";"0"
"1981_Seattle_Mariners_season_3.pcm";"7";"5";"35";"0";"0.0";"6";"100.0";"6";"true";"0"
"1982_83_Burnley_F.C._season_2.pcm";"6";"7";"42";"2";"4.761904761904762";"4";"80.0";"0";"false";"0"
"1981_World_Series_of_Poker_1.pcm";"3";"6";"18";"0";"0.0";"2";"100.0";"0";"false";"0"
"1981_in_athletics__track_and_field__1.pcm";"3";"5";"15";"0";"0.0";"2";"100.0";"1";"false";"0"
"1982_83_Atlanta_Hawks_season_3.pcm";"1";"11";"11";"0";"0.0";"0";"0.0";"0";"false";"0"
"1981_Ta_a_de_Portugal_Final_2.pcm";"1";"1";"1";"0";"0.0";"0";"0.0";"0";"false";"0"
"1981_San_Diego_Padres_season_5.pcm";"8";"4";"32";"0";"0.0";"7";"100.0";"7";"true";"0"
"1982_83_Major_Indoor_Soccer_League_season_7.pcm";"6";"10";"60";"0";"0.0";"5";"100.0";"4";"true";"0"
"1982_83_FA_Cup_Qualifying_Rounds_11.pcm";"4";"3";"12";"0";"0.0";"3";"100.0";"0";"false";"0"
"1981_in_anime_1.pcm";"8";"45";"360";"99";"27.5";"5";"71.42857142857143";"0";"false";"0"
"1981_Stanley_Cup_Finals_0.pcm";"5";"5";"25";"0";"0.0";"4";"100.0";"2";"true";"0"
"1981_in_anime_0.pcm";"1";"0";"0";"0";"0.0";"0";"0.0";"0";"false";"0"
"1982_83_League_of_Ireland_0.pcm";"9";"14";"126";"0";"0.0";"8";"100.0";"6";"true";"0"
"1981_in_marathon_running_1.pcm";"7";"50";"350";"50";"14.285714285714286";"6";"100.0";"2";"true";"0"
"1981_in_Japanese_television_0.pcm";"5";"13";"65";"36";"55.38461538461539";"4";"100.0";"0";"false";"0"
"1982_83_FA_Trophy_0.pcm";"4";"24";"96";"0";"0.0";"3";"100.0";"0";"false";"0"
"1981_Winnipeg_Blue_Bombers_season_2.pcm";"6";"16";"96";"0";"0.0";"5";"100.0";"0";"false";"0"
"1982_83_Golden_State_Warriors_season_0.pcm";"6";"11";"66";"7";"10.606060606060606";"3";"60.0";"1";"false";"0"
"1981_World_Lifesaving_Championships_0.pcm";"16";"3";"48";"0";"0.0";"15";"100.0";"0";"false";"0"
"1981_Vuelta_a_Espa_a_2.pcm";"3";"8";"24";"0";"0.0";"2";"100.0";"0";"false";"0"
"1982_83_Hibernian_F.C._season_3.pcm";"5";"8";"40";"0";"0.0";"4";"100.0";"4";"true";"0"
"1982_83_French_Rugby_Union_Championship_1.pcm";"3";"8";"24";"0";"0.0";"2";"100.0";"0";"false";"0"
"1982_83_Edmonton_Oilers_season_3.pcm";"10";"4";"40";"0";"0.0";"9";"100.0";"8";"true";"0"
"1982_83_Los_Angeles_Lakers_season_2.pcm";"5";"6";"30";"0";"0.0";"4";"100.0";"3";"true";"0"
"1981_San_Francisco_49ers_season_9.pcm";"4";"1";"4";"1";"25.0";"3";"100.0";"0";"false";"0"
"1982_83_Macedonian_Republic_League_0.pcm";"2";"16";"32";"0";"0.0";"1";"100.0";"0";"false";"0"
"1982_83_Major_Indoor_Soccer_League_season_8.pcm";"8";"10";"80";"0";"0.0";"7";"100.0";"6";"true";"0"
"1981_in_athletics__track_and_field__35.pcm";"3";"5";"15";"0";"0.0";"2";"100.0";"0";"false";"0"
"1981_U.S._Women_s_Open_Golf_Championship_1.pcm";"2";"6";"12";"0";"0.0";"0";"0.0";"0";"false";"0"
"1981_World_Outdoor_Bowls_Championship_3.pcm";"7";"18";"126";"0";"0.0";"5";"83.33333333333333";"5";"true";"0"
"1981_San_Diego_Chargers_season_0.pcm";"5";"16";"80";"0";"0.0";"4";"100.0";"0";"false";"0"
"1982_83_French_Rugby_Union_Championship_5.pcm";"3";"10";"30";"2";"6.666666666666667";"1";"50.0";"0";"false";"0"
"1982_83_FA_Cup_Qualifying_Rounds_5.pcm";"4";"2";"8";"0";"0.0";"3";"100.0";"0";"false";"0"
"1981_World_Rhythmic_Gymnastics_Championships_2.pcm";"4";"5";"20";"0";"0.0";"3";"100.0";"2";"true";"0"
"1981_Uber_Cup_4.pcm";"4";"0";"0";"0";"0.0";"0";"0.0";"0";"false";"0"
"1982_83_Liga_Espa_ola_de_Baloncesto_2.pcm";"1";"1";"1";"0";"0.0";"0";"0.0";"0";"false";"0"
"1982_83_Copa_del_Rey_2.pcm";"1";"1";"1";"0";"0.0";"0";"0.0";"0";"false";"0"
"1981_in_athletics__track_and_field__3.pcm";"3";"5";"15";"0";"0.0";"2";"100.0";"0";"false";"0"
"1981_Torneo_di_Viareggio_1.pcm";"5";"8";"40";"0";"0.0";"4";"100.0";"4";"true";"0"
"1982_83_Cuban_National_Series_0.pcm";"5";"18";"90";"0";"0.0";"4";"100.0";"3";"true";"0"
"1982_83_Illinois_Fighting_Illini_men_s_basketball_team_1.pcm";"7";"8";"56";"0";"0.0";"6";"100.0";"6";"true";"0"
"1981_South_American_Championships_in_Athletics_1.pcm";"16";"6";"96";"0";"0.0";"15";"100.0";"0";"false";"0"
"1981_South_American_Championships_in_Athletics_2.pcm";"6";"8";"48";"0";"0.0";"5";"100.0";"5";"true";"0"
"1982_83_FC_Dinamo_Bucure_ti_season_0.pcm";"5";"34";"170";"0";"0.0";"4";"100.0";"0";"false";"0"
"1981_State_of_Origin_game_1.pcm";"17";"1";"17";"1";"5.882352941176471";"16";"100.0";"0";"false";"0"
"1981_World_Artistic_Gymnastics_Championships_15.pcm";"4";"10";"40";"1";"2.5";"2";"66.66666666666667";"2";"true";"0"
"1981_World_Sambo_Championships_0.pcm";"4";"10";"40";"0";"0.0";"3";"100.0";"0";"false";"0"
"1982_83_NBA_season_2.pcm";"2";"23";"46";"0";"0.0";"1";"100.0";"0";"false";"0"
"1982_83_NBA_season_4.pcm";"2";"5";"10";"0";"0.0";"1";"100.0";"0";"false";"0"
"1981_World_Artistic_Gymnastics_Championships_12.pcm";"5";"8";"40";"0";"0.0";"4";"100.0";"3";"true";"0"
"1982_83_Liverpool_F.C._season_1.pcm";"8";"42";"336";"10";"2.9761904761904763";"6";"85.71428571428571";"0";"false";"0"
"1981_San_Francisco_49ers_season_3.pcm";"11";"16";"176";"15";"8.522727272727273";"10";"100.0";"2";"true";"0"
"1981_U.S._Open__golf__0.pcm";"22";"2";"44";"0";"0.0";"21";"100.0";"19";"true";"0"
"1981_Stanford_Cardinals_football_team_0.pcm";"2";"15";"30";"0";"0.0";"1";"100.0";"0";"false";"0"
"1982_83_NCAA_Division_I_men_s_basketball_rankings_0.pcm";"4";"20";"80";"20";"25.0";"3";"100.0";"0";"false";"0"
"1982_83_Liverpool_F.C._season_4.pcm";"8";"3";"24";"0";"0.0";"7";"100.0";"0";"false";"0"
"1981_Women_s_World_Team_Squash_Championships_1.pcm";"7";"7";"49";"0";"0.0";"6";"100.0";"4";"true";"0"
"1982_83_Chicago_Black_Hawks_season_1.pcm";"6";"4";"24";"0";"0.0";"5";"100.0";"0";"false";"0"
"1982_83_Major_Indoor_Soccer_League_season_10.pcm";"8";"4";"32";"0";"0.0";"7";"100.0";"6";"true";"0"
"1982_83_Aston_Villa_F.C._season_5.pcm";"1";"0";"0";"0";"0.0";"0";"0.0";"0";"false";"0"
"1982_83_Aston_Villa_F.C._season_3.pcm";"1";"0";"0";"0";"0.0";"0";"0.0";"0";"false";"0"
"1981_Spanish_Grand_Prix_0.pcm";"8";"30";"240";"10";"4.166666666666667";"2";"28.571428571428573";"0";"false";"0"
"1982_83_KNVB_Cup_9.pcm";"4";"1";"4";"0";"0.0";"3";"100.0";"0";"false";"0"
"1982_83_FA_Cup_Qualifying_Rounds_6.pcm";"4";"72";"288";"0";"0.0";"3";"100.0";"0";"false";"0"
"1982_83_NHL_season_1.pcm";"3";"6";"18";"0";"0.0";"2";"100.0";"0";"false";"0"
"1981_World_Artistic_Gymnastics_Championships_8.pcm";"5";"8";"40";"0";"0.0";"3";"75.0";"3";"true";"0"
"1981_World_Junior_Ice_Hockey_Championships_7.pcm";"5";"7";"35";"0";"0.0";"4";"100.0";"4";"true";"0"
"1981_in_Swedish_football_7.pcm";"10";"14";"140";"0";"0.0";"9";"100.0";"7";"true";"0"
"1981_South_American_U-20_Championship_6.pcm";"4";"8";"32";"0";"0.0";"3";"100.0";"3";"true";"0"
"1982_83_Chicago_Black_Hawks_season_6.pcm";"10";"23";"230";"0";"0.0";"9";"100.0";"8";"true";"0"
"1982_83_Chicago_Black_Hawks_season_4.pcm";"11";"28";"308";"0";"0.0";"9";"90.0";"8";"true";"0"
"1982_83_Mexican_Primera_Divisi_n_season_4.pcm";"21";"20";"420";"20";"4.761904761904762";"20";"100.0";"0";"false";"0"
"1981_World_Artistic_Gymnastics_Championships_2.pcm";"11";"36";"396";"0";"0.0";"10";"100.0";"10";"true";"0"
"1982_83_Liverpool_F.C._season_7.pcm";"1";"0";"0";"0";"0.0";"0";"0.0";"0";"false";"0"
"1981_Sligo_Intermediate_Football_Championship_3.pcm";"3";"1";"3";"0";"0.0";"2";"100.0";"0";"false";"0"
"1982_83_Denver_Nuggets_season_2.pcm";"1";"11";"11";"0";"0.0";"0";"0.0";"0";"false";"0"
"1981_in_paleontology_5.pcm";"2";"8";"16";"7";"43.75";"1";"100.0";"0";"false";"0"
"1981_Wisconsin_Badgers_football_team_0.pcm";"5";"4";"20";"0";"0.0";"4";"100.0";"2";"true";"0"
"1982_83_Major_Indoor_Soccer_League_season_3.pcm";"1";"0";"0";"0";"0.0";"0";"0.0";"0";"false";"0"
"1981_Ryder_Cup_8.pcm";"6";"12";"72";"0";"0.0";"5";"100.0";"1";"false";"0"
"1982_83_John_Player_Cup_3.pcm";"3";"8";"24";"0";"0.0";"2";"100.0";"0";"false";"0"
"1981_World_Rhythmic_Gymnastics_Championships_9.pcm";"5";"8";"40";"0";"0.0";"4";"100.0";"3";"true";"0"
"1981_Winnipeg_Blue_Bombers_season_3.pcm";"3";"5";"15";"0";"0.0";"2";"100.0";"1";"false";"0"
"1982_83_2._Bundesliga_0.pcm";"21";"21";"441";"0";"0.0";"20";"100.0";"0";"false";"0"
"1981_South_American_Junior_Championships_in_Athletics_2.pcm";"6";"5";"30";"0";"0.0";"5";"100.0";"4";"true";"0"
"1981_Tennessee_Volunteers_football_team_0.pcm";"5";"4";"20";"1";"5.0";"4";"100.0";"2";"true";"0"
"1982_83_Football_League_Cup_1.pcm";"5";"28";"140";"0";"0.0";"4";"100.0";"0";"false";"0"
"1981_UEFA_Cup_Final_2.pcm";"20";"0";"0";"0";"0.0";"0";"0.0";"0";"false";"0"
"1982_83_Eredivisie__ice_hockey__season_0.pcm";"9";"4";"36";"0";"0.0";"8";"100.0";"7";"true";"0"
"1981_World_Rhythmic_Gymnastics_Championships_8.pcm";"5";"21";"105";"0";"0.0";"4";"100.0";"4";"true";"0"
"1981_Uber_Cup_7.pcm";"1";"2";"2";"0";"0.0";"0";"0.0";"0";"false";"0"
"1981_VFL_Grand_Final_0.pcm";"5";"2";"10";"0";"0.0";"4";"100.0";"3";"true";"0"
"1982_83_Austrian_Hockey_League_season_0.pcm";"9";"8";"72";"0";"0.0";"8";"100.0";"7";"true";"0"
"1981_Women_s_World_Open_Squash_Championship_0.pcm";"3";"5";"15";"0";"0.0";"2";"100.0";"0";"false";"0"
"1981_Winston_Western_500__November__0.pcm";"3";"5";"15";"0";"0.0";"2";"100.0";"1";"false";"0"
"1982_83_NC_State_Wolfpack_men_s_basketball_team_0.pcm";"5";"5";"25";"0";"0.0";"4";"100.0";"2";"true";"0"
"1981_Sligo_Senior_Football_Championship_2.pcm";"3";"1";"3";"0";"0.0";"2";"100.0";"0";"false";"0"
"1981__rvalsdeild_0.pcm";"10";"10";"100";"0";"0.0";"9";"100.0";"7";"true";"0"
"1982_83_Colchester_United_F.C._season_0.pcm";"7";"15";"105";"0";"0.0";"5";"83.33333333333333";"0";"false";"0"
"1982_83_Bundesliga_1.pcm";"2";"0";"0";"0";"0.0";"0";"0.0";"0";"false";"0"
"1982_83_KNVB_Cup_8.pcm";"4";"2";"8";"0";"0.0";"3";"100.0";"0";"false";"0"
"1981_in_hip_hop_music_0.pcm";"3";"1";"3";"0";"0.0";"2";"100.0";"0";"false";"0"
"1982_83_FA_Cup_1.pcm";"5";"27";"135";"0";"0.0";"3";"75.0";"0";"false";"0"
"1981_World_Artistic_Gymnastics_Championships_10.pcm";"9";"36";"324";"0";"0.0";"8";"100.0";"8";"true";"0"
"1981_in_athletics__track_and_field__6.pcm";"3";"5";"15";"0";"0.0";"2";"100.0";"0";"false";"0"
"1981_World_Wrestling_Championships_3.pcm";"4";"9";"36";"0";"0.0";"3";"100.0";"0";"false";"0"
"1982_83_BHL_season_0.pcm";"6";"7";"42";"0";"0.0";"5";"100.0";"5";"true";"0"
"1981_World_Junior_Ice_Hockey_Championships_3.pcm";"5";"7";"35";"0";"0.0";"4";"100.0";"4";"true";"0"
"1982_83_Minnesota_North_Stars_season_3.pcm";"1";"5";"5";"0";"0.0";"0";"0.0";"0";"false";"0"
"1981_Washington_Redskins_season_0.pcm";"5";"16";"80";"0";"0.0";"4";"100.0";"0";"false";"0"
"1982_83_Leicester_City_F.C._season_5.pcm";"7";"2";"14";"2";"14.285714285714286";"6";"100.0";"0";"false";"0"
"1981_UEFA_Cup_Final_3.pcm";"1";"0";"0";"0";"0.0";"0";"0.0";"0";"false";"0"
"1981_in_basketball_2.pcm";"1";"0";"0";"0";"0.0";"0";"0.0";"0";"false";"0"
"1981_Skate_America_3.pcm";"3";"9";"27";"6";"22.22222222222222";"0";"0.0";"0";"false";"0"
"1981_in_athletics__track_and_field__7.pcm";"3";"5";"15";"0";"0.0";"2";"100.0";"0";"false";"0"
"1982_83_DFB-Pokal__women__4.pcm";"1";"0";"0";"0";"0.0";"0";"0.0";"0";"false";"0"
"1982_83_FDGB-Pokal_4.pcm";"6";"7";"42";"0";"0.0";"5";"100.0";"0";"false";"0"
"1982_83_FA_Trophy_15.pcm";"4";"8";"32";"0";"0.0";"3";"100.0";"0";"false";"0"
"1981_in_athletics__track_and_field__5.pcm";"3";"5";"15";"0";"0.0";"2";"100.0";"0";"false";"0"
"1981_Ryder_Cup_3.pcm";"7";"2";"14";"0";"0.0";"6";"100.0";"0";"false";"0"
"1981_Winter_Universiade_0.pcm";"6";"10";"60";"0";"0.0";"5";"100.0";"4";"true";"0"
"1981_in_Brazilian_football_1.pcm";"4";"9";"36";"0";"0.0";"3";"100.0";"3";"true";"0"
"1982_83_Mersin__dmanyurdu_season_4.pcm";"16";"26";"416";"144";"34.61538461538461";"3";"20.0";"0";"false";"0"
"1982_83_Edmonton_Oilers_season_1.pcm";"1";"0";"0";"0";"0.0";"0";"0.0";"0";"false";"0"
"1981_in_paleontology_3.pcm";"8";"0";"0";"0";"0.0";"0";"0.0";"0";"false";"0"
"1982_83_Minnesota_North_Stars_season_1.pcm";"6";"80";"480";"0";"0.0";"5";"100.0";"0";"false";"0"
"1982_83_FA_Cup_0.pcm";"5";"47";"235";"0";"0.0";"3";"75.0";"0";"false";"0"
"1982_83_Czechoslovak_First_League_0.pcm";"9";"16";"144";"0";"0.0";"8";"100.0";"7";"true";"0"
"1982_83_Football_League_8.pcm";"3";"5";"15";"0";"0.0";"2";"100.0";"1";"false";"0"
"1981_in_athletics__track_and_field__30.pcm";"3";"5";"15";"0";"0.0";"2";"100.0";"0";"false";"0"
"1981_World_Fencing_Championships_0.pcm";"6";"7";"42";"0";"0.0";"5";"100.0";"5";"true";"0"
"1982_83_French_Division_2_1.pcm";"10";"18";"180";"15";"8.333333333333334";"8";"88.88888888888889";"7";"true";"0"
"1981_in_Swedish_football_0.pcm";"3";"2";"6";"0";"0.0";"2";"100.0";"0";"false";"0"
"1982_83_Cleveland_Cavaliers_season_0.pcm";"5";"2";"10";"0";"0.0";"4";"100.0";"1";"false";"0"
"1981_WTA_Tour_0.pcm";"1";"5";"5";"0";"0.0";"0";"0.0";"0";"false";"0"
"1982_83_FA_Trophy_19.pcm";"4";"1";"4";"0";"0.0";"3";"100.0";"0";"false";"0"
"1982_83_Galatasaray_S.K._season_2.pcm";"5";"1";"5";"0";"0.0";"4";"100.0";"1";"false";"0"
"1982_83_Manchester_United_F.C._season_3.pcm";"7";"9";"63";"1";"1.5873015873015872";"6";"100.0";"0";"false";"0"
"1982_83_Montreal_Canadiens_season_0.pcm";"6";"80";"480";"0";"0.0";"5";"100.0";"0";"false";"0"
"1982_83_FA_Cup_Qualifying_Rounds_10.pcm";"4";"12";"48";"0";"0.0";"3";"100.0";"0";"false";"0"
"1982_83_AHL_season_0.pcm";"7";"7";"49";"0";"0.0";"6";"100.0";"6";"true";"0"
"1981_South_African_Grand_Prix_0.pcm";"6";"19";"114";"0";"0.0";"4";"80.0";"2";"true";"0"
"1982_83_Colchester_United_F.C._season_15.pcm";"4";"11";"44";"0";"0.0";"3";"100.0";"2";"true";"0"
"1982_83_Edmonton_Oilers_season_10.pcm";"5";"12";"60";"0";"0.0";"4";"100.0";"1";"false";"0"
"1981_Toronto_Blue_Jays_season_1.pcm";"1";"0";"0";"0";"0.0";"0";"0.0";"0";"false";"0"
"1981_in_Brazilian_football_3.pcm";"4";"14";"56";"3";"5.357142857142857";"2";"66.66666666666667";"0";"false";"0"
"1982_83_Liga_Espa_ola_de_Baloncesto_3.pcm";"6";"10";"60";"0";"0.0";"5";"100.0";"2";"true";"0"
"1981_Vuelta_a_Espa_a_3.pcm";"4";"3";"12";"0";"0.0";"3";"100.0";"1";"false";"0"
"1982_83_Montreal_Canadiens_season_3.pcm";"10";"21";"210";"0";"0.0";"9";"100.0";"8";"true";"0"
"1982_83_AHL_season_2.pcm";"7";"10";"70";"0";"0.0";"6";"100.0";"5";"true";"0"
"1981_Speedway_World_Team_Cup_3.pcm";"4";"1";"4";"0";"0.0";"3";"100.0";"0";"false";"0"
"1982_83_FA_Trophy_3.pcm";"4";"16";"64";"0";"0.0";"3";"100.0";"0";"false";"0"
"1981_World_Series_of_Poker_2.pcm";"3";"1";"3";"0";"0.0";"2";"100.0";"0";"false";"0"
"1982_83_Divizia_A_1.pcm";"4";"3";"12";"0";"0.0";"3";"100.0";"1";"false";"0"
"1981_Superta_a_C_ndido_de_Oliveira_3.pcm";"23";"0";"0";"0";"0.0";"0";"0.0";"0";"false";"0"
"1981_UEFA_European_Under-18_Championship_3.pcm";"6";"3";"18";"0";"0.0";"5";"100.0";"0";"false";"0"
"1982_83_FA_Trophy_8.pcm";"4";"8";"32";"0";"0.0";"3";"100.0";"0";"false";"0"
"1982_83_Israel_State_Cup_1.pcm";"3";"0";"0";"0";"0.0";"0";"0.0";"0";"false";"0"
"1982_1._deild_0.pcm";"10";"8";"80";"0";"0.0";"9";"100.0";"7";"true";"0"
"1981_South_Africa_rugby_union_tour_0.pcm";"4";"16";"64";"0";"0.0";"2";"66.66666666666667";"0";"false";"0"
"1981_in_Israeli_film_0.pcm";"7";"8";"56";"17";"30.357142857142858";"4";"66.66666666666667";"0";"false";"0"
"1982_83_FDGB-Pokal_5.pcm";"6";"3";"18";"0";"0.0";"5";"100.0";"1";"false";"0"
"1981_World_Artistic_Gymnastics_Championships_18.pcm";"5";"8";"40";"0";"0.0";"3";"75.0";"3";"true";"0"
"1981_San_Francisco_49ers_season_5.pcm";"10";"3";"30";"0";"0.0";"9";"100.0";"1";"false";"0"
"1982_83_Galatasaray_S.K._season_1.pcm";"5";"3";"15";"0";"0.0";"4";"100.0";"1";"false";"0"
"1981_South_American_U-20_Championship_0.pcm";"9";"5";"45";"0";"0.0";"8";"100.0";"7";"true";"0"
"1981_Seattle_Mariners_season_5.pcm";"7";"4";"28";"0";"0.0";"6";"100.0";"6";"true";"0"
"1982_83_FA_Cup_Qualifying_Rounds_8.pcm";"4";"2";"8";"0";"0.0";"3";"100.0";"0";"false";"0"
"1982_83_FA_Trophy_7.pcm";"4";"32";"128";"0";"0.0";"3";"100.0";"0";"false";"0"
"1981_Scottish_League_Cup_Final_0.pcm";"1";"0";"0";"0";"0.0";"0";"0.0";"0";"false";"0"
"1981_in_American_television_2.pcm";"3";"8";"24";"0";"0.0";"2";"100.0";"1";"false";"0"
"1982_83_Atlanta_Hawks_season_2.pcm";"1";"11";"11";"0";"0.0";"0";"0.0";"0";"false";"0"
"1982_83_Chicago_Black_Hawks_season_3.pcm";"6";"4";"24";"0";"0.0";"5";"100.0";"0";"false";"0"
"1981_Tour_de_France_0.pcm";"3";"0";"0";"0";"0.0";"0";"0.0";"0";"false";"0"
"1981_Superta_a_C_ndido_de_Oliveira_1.pcm";"1";"0";"0";"0";"0.0";"0";"0.0";"0";"false";"0"
"1982_83_Cardiff_City_F.C._season_0.pcm";"11";"1";"11";"0";"0.0";"10";"100.0";"0";"false";"0"
"1981_Texas_Rangers_season_3.pcm";"3";"6";"18";"0";"0.0";"2";"100.0";"2";"true";"0"
"1981_St._Louis_Cardinals_season_5.pcm";"7";"6";"42";"0";"0.0";"6";"100.0";"6";"true";"0"
"1982_83_Football_League_Cup_3.pcm";"5";"32";"160";"0";"0.0";"4";"100.0";"0";"false";"0"
"1981_Senior_PGA_Tour_1.pcm";"6";"5";"30";"0";"0.0";"5";"100.0";"2";"true";"0"
"1982_83_Football_League_Cup_9.pcm";"4";"2";"8";"0";"0.0";"3";"100.0";"0";"false";"0"
"1981_Spanish_Grand_Prix_2.pcm";"3";"5";"15";"0";"0.0";"2";"100.0";"1";"false";"0"
"1982_83_FA_Cup_Qualifying_Rounds_3.pcm";"4";"144";"576";"2";"0.3472222222222222";"3";"100.0";"0";"false";"0"
"1981_Super_Bowl_of_Poker_5.pcm";"3";"3";"9";"0";"0.0";"2";"100.0";"0";"false";"0"
"1981_UEFA_Cup_Final_0.pcm";"23";"0";"0";"0";"0.0";"0";"0.0";"0";"false";"0"
"1982_83_Houston_Cougars_men_s_basketball_team_0.pcm";"8";"16";"128";"0";"0.0";"7";"100.0";"2";"true";"0"
"1982_83_Calgary_Flames_season_1.pcm";"1";"0";"0";"0";"0.0";"0";"0.0";"0";"false";"0"
"1982_83_FIS_Ski_Jumping_World_Cup_2.pcm";"3";"10";"30";"0";"0.0";"2";"100.0";"1";"false";"0"
"1981_Tooth_Cup_0.pcm";"6";"8";"48";"0";"0.0";"5";"100.0";"2";"true";"0"
"1982_83_Atlanta_Hawks_season_5.pcm";"1";"2";"2";"0";"0.0";"0";"0.0";"0";"false";"0"
"1981_Uruguayan_Primera_Divisi_n_0.pcm";"9";"15";"135";"0";"0.0";"8";"100.0";"7";"true";"0"
"1981_South_American_U-20_Championship_1.pcm";"10";"3";"30";"0";"0.0";"9";"100.0";"0";"false";"0"
"1982_83_FA_Trophy_13.pcm";"4";"6";"24";"0";"0.0";"3";"100.0";"0";"false";"0"
"1981_World_Outdoor_Bowls_Championship_0.pcm";"6";"18";"108";"0";"0.0";"5";"100.0";"4";"true";"0"
"1981_UEFA_European_Under-18_Championship_1.pcm";"3";"5";"15";"0";"0.0";"2";"100.0";"0";"false";"0"
"1982_83_Edmonton_Oilers_season_0.pcm";"1";"0";"0";"0";"0.0";"0";"0.0";"0";"false";"0"
"1981_Senior_PGA_Tour_0.pcm";"7";"7";"49";"0";"0.0";"6";"100.0";"0";"false";"0"
"1981_in_film_0.pcm";"4";"10";"40";"0";"0.0";"2";"66.66666666666667";"0";"false";"0"
"1981_Tour_de_France_4.pcm";"4";"8";"32";"0";"0.0";"3";"100.0";"1";"false";"0"
"1981_World_Rhythmic_Gymnastics_Championships_4.pcm";"6";"8";"48";"8";"16.666666666666668";"5";"100.0";"3";"true";"0"
"1981_Sligo_Intermediate_Football_Championship_2.pcm";"3";"1";"3";"0";"0.0";"2";"100.0";"0";"false";"0"
"1982_83_FIBA_European_Cup_Winner_s_Cup_0.pcm";"2";"0";"0";"0";"0.0";"0";"0.0";"0";"false";"0"
"1981_Ta_a_de_Portugal_Final_0.pcm";"23";"0";"0";"0";"0.0";"0";"0.0";"0";"false";"0"
"1982_83_FA_Trophy_10.pcm";"4";"32";"128";"0";"0.0";"3";"100.0";"0";"false";"0"
"1982_83_Israel_State_Cup_0.pcm";"3";"0";"0";"0";"0.0";"0";"0.0";"0";"false";"0"
"1981_South_American_U-20_Championship_3.pcm";"6";"3";"18";"0";"0.0";"5";"100.0";"0";"false";"0"
"1981_South_American_Junior_Championships_in_Athletics_0.pcm";"7";"19";"133";"0";"0.0";"3";"50.0";"0";"false";"0"
"1981_U.S._Open__golf__2.pcm";"7";"3";"21";"0";"0.0";"6";"100.0";"4";"true";"0"
"1981_TANFL_season_1.pcm";"9";"6";"54";"0";"0.0";"8";"100.0";"7";"true";"0"
"1982_83_FA_Cup_5.pcm";"5";"5";"25";"0";"0.0";"4";"100.0";"0";"false";"0"
"1981_World_Artistic_Gymnastics_Championships_6.pcm";"5";"8";"40";"0";"0.0";"4";"100.0";"3";"true";"0"
"1982_83_Greek_Cup_6.pcm";"1";"0";"0";"0";"0.0";"0";"0.0";"0";"false";"0"
"1981_World_Rhythmic_Gymnastics_Championships_6.pcm";"6";"8";"48";"8";"16.666666666666668";"5";"100.0";"4";"true";"0"
"1981_in_American_television_6.pcm";"4";"5";"20";"0";"0.0";"3";"100.0";"1";"false";"0"
"1981_Senior_PGA_Tour_2.pcm";"3";"2";"6";"0";"0.0";"2";"100.0";"0";"false";"0"
"1981_in_athletics__track_and_field__10.pcm";"3";"5";"15";"0";"0.0";"2";"100.0";"1";"false";"0"
"1982_83_Chicago_Black_Hawks_season_2.pcm";"6";"5";"30";"0";"0.0";"5";"100.0";"0";"false";"0"
"1981_in_athletics__track_and_field__28.pcm";"3";"5";"15";"0";"0.0";"2";"100.0";"0";"false";"0"
"1982_83_Illinois_Fighting_Illini_men_s_basketball_team_2.pcm";"4";"1";"4";"0";"0.0";"3";"100.0";"1";"false";"0"
"1981_in_Brazilian_football_5.pcm";"2";"3";"6";"0";"0.0";"1";"100.0";"0";"false";"0"
"1981_in_paleontology_2.pcm";"9";"17";"153";"18";"11.764705882352942";"6";"75.0";"0";"false";"0"
"1982_83_Colchester_United_F.C._season_5.pcm";"6";"46";"276";"0";"0.0";"4";"80.0";"0";"false";"0"
"1981_Toronto_International_Film_Festival_0.pcm";"3";"1";"3";"0";"0.0";"2";"100.0";"0";"false";"0"
"1981_San_Francisco_49ers_season_6.pcm";"10";"3";"30";"0";"0.0";"9";"100.0";"0";"false";"0"
"1982_83_Colchester_United_F.C._season_8.pcm";"7";"3";"21";"0";"0.0";"6";"100.0";"0";"false";"0"
"1981_Super_Bowl_of_Poker_8.pcm";"3";"3";"9";"0";"0.0";"2";"100.0";"0";"false";"0"
"1981_in_Brazilian_football_6.pcm";"3";"2";"6";"0";"0.0";"2";"100.0";"0";"false";"0"
"1982_83_Liverpool_F.C._season_6.pcm";"21";"0";"0";"0";"0.0";"0";"0.0";"0";"false";"0"
"1982_83_Biathlon_World_Cup_0.pcm";"7";"3";"21";"1";"4.761904761904762";"6";"100.0";"1";"false";"0"
"1981_Seattle_Mariners_season_1.pcm";"8";"3";"24";"0";"0.0";"7";"100.0";"5";"true";"0"
"1981_Tour_de_France_5.pcm";"4";"7";"28";"0";"0.0";"3";"100.0";"1";"false";"0"
"1982_83_Hibernian_F.C._season_1.pcm";"4";"8";"32";"0";"0.0";"3";"100.0";"2";"true";"0"
"1982_83_Football_League_3.pcm";"2";"3";"6";"3";"50.0";"1";"100.0";"0";"false";"0"
"1981_in_Japanese_football_0.pcm";"18";"32";"576";"0";"0.0";"3";"17.647058823529413";"0";"false";"0"
"1982_83_Mersin__dmanyurdu_season_2.pcm";"7";"5";"35";"0";"0.0";"6";"100.0";"0";"false";"0"
"1982_83_Football_League_Cup_8.pcm";"4";"4";"16";"0";"0.0";"3";"100.0";"0";"false";"0"
"1982_83_La_Liga_2.pcm";"19";"18";"342";"18";"5.2631578947368425";"18";"100.0";"0";"false";"0"
"1981_San_Francisco_Giants_season_3.pcm";"7";"14";"98";"0";"0.0";"6";"100.0";"5";"true";"0"
"1982_83_Los_Angeles_Kings_season_1.pcm";"3";"0";"0";"0";"0.0";"0";"0.0";"0";"false";"0"
"1982_83_FA_Trophy_20.pcm";"4";"2";"8";"0";"0.0";"3";"100.0";"0";"false";"0"
"1981_World_Indoor_Bowls_Championship_0.pcm";"1";"0";"0";"0";"0.0";"0";"0.0";"0";"false";"0"
"1982_83_FA_Cup_Qualifying_Rounds_0.pcm";"4";"75";"300";"0";"0.0";"3";"100.0";"0";"false";"0"
"1981_in_athletics__track_and_field__0.pcm";"3";"5";"15";"0";"0.0";"2";"100.0";"1";"false";"0"
"1981_Women_s_World_Team_Squash_Championships_0.pcm";"5";"21";"105";"7";"6.666666666666667";"3";"75.0";"0";"false";"0"
"1982_83_Football_League_5.pcm";"2";"3";"6";"3";"50.0";"1";"100.0";"0";"false";"0"
"1982_83_John_Player_Cup_5.pcm";"3";"2";"6";"0";"0.0";"2";"100.0";"0";"false";"0"
"1982_83_BHL_season_1.pcm";"6";"7";"42";"0";"0.0";"5";"100.0";"5";"true";"0"
"1981_Soviet_Top_League_0.pcm";"10";"18";"180";"0";"0.0";"8";"88.88888888888889";"7";"true";"0"
"1981_World_Sportscar_Championship_season_2.pcm";"4";"50";"200";"0";"0.0";"1";"33.333333333333336";"1";"false";"0"
"1982_83_Birmingham_City_F.C._season_0.pcm";"8";"42";"336";"15";"4.464285714285714";"6";"85.71428571428571";"0";"false";"0"
"1981_Ryder_Cup_6.pcm";"15";"2";"30";"0";"0.0";"14";"100.0";"0";"false";"0"
"1982_83_AHL_season_1.pcm";"8";"7";"56";"0";"0.0";"7";"100.0";"7";"true";"0"
"1981_South_American_U-20_Championship_7.pcm";"6";"3";"18";"0";"0.0";"5";"100.0";"0";"false";"0"
"1981_Toronto_Blue_Jays_season_2.pcm";"12";"9";"108";"0";"0.0";"11";"100.0";"9";"true";"0"
"1981_UEFA_European_Under-18_Championship_0.pcm";"4";"8";"32";"0";"0.0";"3";"100.0";"3";"true";"0"
"1982_83_Los_Angeles_Lakers_season_3.pcm";"9";"16";"144";"0";"0.0";"8";"100.0";"8";"true";"0"
"1982_83_Los_Angeles_Lakers_season_0.pcm";"6";"1";"6";"0";"0.0";"5";"100.0";"1";"false";"0"
"1981_Women_s_European_Volleyball_Championship_0.pcm";"2";"12";"24";"0";"0.0";"1";"100.0";"0";"false";"0"
"1982_83_Calgary_Flames_season_4.pcm";"2";"6";"12";"0";"0.0";"1";"100.0";"0";"false";"0"
"1981_World_Archery_Championships_0.pcm";"4";"3";"12";"0";"0.0";"3";"100.0";"0";"false";"0"
"1981_Superta_a_C_ndido_de_Oliveira_2.pcm";"2";"0";"0";"0";"0.0";"0";"0.0";"0";"false";"0"
"1981_Uganda_National_League_0.pcm";"10";"17";"170";"9";"5.294117647058823";"7";"77.77777777777777";"7";"true";"0"
"1981_World_Outdoor_Bowls_Championship_1.pcm";"7";"18";"126";"0";"0.0";"6";"100.0";"5";"true";"0"
"1981_Winnipeg_Blue_Bombers_season_0.pcm";"1";"4";"4";"0";"0.0";"0";"0.0";"0";"false";"0"
"1981_in_athletics__track_and_field__2.pcm";"3";"5";"15";"0";"0.0";"2";"100.0";"1";"false";"0"
"1981_Torneo_di_Viareggio_3.pcm";"9";"4";"36";"0";"0.0";"8";"100.0";"7";"true";"0"
"1981_Speedway_World_Team_Cup_1.pcm";"4";"1";"4";"0";"0.0";"3";"100.0";"0";"false";"0"
"1982_83_FA_Trophy_16.pcm";"4";"2";"8";"0";"0.0";"3";"100.0";"0";"false";"0"
"1981_in_the_United_States_0.pcm";"2";"0";"0";"0";"0.0";"0";"0.0";"0";"false";"0"
"1982_83_Hibernian_F.C._season_4.pcm";"7";"1";"7";"1";"14.285714285714286";"6";"100.0";"1";"false";"0"
"1981_Seattle_Mariners_season_4.pcm";"3";"6";"18";"0";"0.0";"2";"100.0";"2";"true";"0"
"1981_Super_Bowl_of_Poker_6.pcm";"3";"3";"9";"0";"0.0";"2";"100.0";"0";"false";"0"
"1982_83_Israel_State_Cup_2.pcm";"3";"0";"0";"0";"0.0";"0";"0.0";"0";"false";"0"
"1982_83_Blackpool_F.C._season_0.pcm";"2";"11";"22";"2";"9.090909090909092";"0";"0.0";"0";"false";"0"
"1981_South_American_U-20_Championship_5.pcm";"6";"3";"18";"0";"0.0";"5";"100.0";"0";"false";"0"
"1981_Torneo_di_Viareggio_2.pcm";"9";"4";"36";"0";"0.0";"8";"100.0";"7";"true";"0"
"1982_83_Biathlon_World_Cup_6.pcm";"3";"30";"90";"0";"0.0";"2";"100.0";"2";"true";"0"
"1982_83_Huddersfield_Town_A.F.C._season_2.pcm";"7";"6";"42";"2";"4.761904761904762";"5";"83.33333333333333";"0";"false";"0"
"1981_Ryder_Cup_7.pcm";"6";"12";"72";"0";"0.0";"5";"100.0";"1";"false";"0"
"1981_in_athletics__track_and_field__25.pcm";"3";"5";"15";"0";"0.0";"2";"100.0";"0";"false";"0"
"1981_World_Artistic_Gymnastics_Championships_11.pcm";"4";"13";"52";"0";"0.0";"2";"66.66666666666667";"2";"true";"0"
"1982_83_Coupe_de_France_0.pcm";"6";"8";"48";"7";"14.583333333333334";"5";"100.0";"0";"false";"0"
"1982_83_Huddersfield_Town_A.F.C._season_0.pcm";"7";"46";"322";"9";"2.7950310559006213";"5";"83.33333333333333";"0";"false";"0"
"1982_83_La_Liga_3.pcm";"3";"5";"15";"0";"0.0";"2";"100.0";"1";"false";"0"
"1982_83_Liverpool_F.C._season_3.pcm";"1";"0";"0";"0";"0.0";"0";"0.0";"0";"false";"0"
"1981_World_Sportscar_Championship_season_0.pcm";"5";"15";"75";"0";"0.0";"2";"50.0";"0";"false";"0"
"1981_World_Artistic_Gymnastics_Championships_5.pcm";"5";"8";"40";"0";"0.0";"4";"100.0";"3";"true";"0"
"1982_83_Aston_Villa_F.C._season_2.pcm";"1";"0";"0";"0";"0.0";"0";"0.0";"0";"false";"0"
"1982_83_Dallas_Mavericks_season_0.pcm";"6";"9";"54";"7";"12.962962962962964";"4";"80.0";"1";"false";"0"
"1981_Uber_Cup_1.pcm";"4";"0";"0";"0";"0.0";"0";"0.0";"0";"false";"0"
"1982_83_Liverpool_F.C._season_9.pcm";"8";"6";"48";"2";"4.166666666666667";"6";"85.71428571428571";"0";"false";"0"
"1982_83_FIBA_European_Champions_Cup_0.pcm";"2";"0";"0";"0";"0.0";"0";"0.0";"0";"false";"0"
"1982_83_Aberdeen_F.C._season_7.pcm";"7";"11";"77";"3";"3.896103896103896";"5";"83.33333333333333";"1";"false";"0"
"1981_World_Ice_Hockey_Championships_8.pcm";"2";"5";"10";"2";"20.0";"0";"0.0";"0";"false";"0"
"1982_83_French_Division_1_2.pcm";"5";"25";"125";"0";"0.0";"3";"75.0";"1";"false";"0"
"1981_United_States_Grand_Prix_West_2.pcm";"3";"5";"15";"0";"0.0";"2";"100.0";"1";"false";"0"
"1982_83_Aberdeen_F.C._season_1.pcm";"7";"36";"252";"3";"1.1904761904761905";"6";"100.0";"1";"false";"0"
"1981_World_Junior_Ice_Hockey_Championships_0.pcm";"9";"8";"72";"0";"0.0";"8";"100.0";"7";"true";"0"
"1982_83_NBA_season_3.pcm";"2";"5";"10";"0";"0.0";"1";"100.0";"0";"false";"0"
"1982_83_Liverpool_F.C._season_5.pcm";"8";"7";"56";"1";"1.7857142857142858";"7";"100.0";"0";"false";"0"
"1982_83_Leicester_City_F.C._season_1.pcm";"2";"3";"6";"3";"50.0";"1";"100.0";"0";"false";"0"
"1982_83_Montreal_Canadiens_season_4.pcm";"4";"7";"28";"0";"0.0";"3";"100.0";"3";"true";"0"
"1981_in_country_music_0.pcm";"4";"185";"740";"0";"0.0";"2";"66.66666666666667";"1";"false";"0"
"1981_in_basketball_3.pcm";"1";"0";"0";"0";"0.0";"0";"0.0";"0";"false";"0"
"1981_Sligo_Senior_Football_Championship_0.pcm";"7";"4";"28";"0";"0.0";"6";"100.0";"0";"false";"0"
"1982_83_NK_Hajduk_Split_season_0.pcm";"5";"3";"15";"0";"0.0";"4";"100.0";"0";"false";"0"
"1982_83_Major_Indoor_Soccer_League_season_11.pcm";"3";"6";"18";"0";"0.0";"2";"100.0";"0";"false";"0"
"1981_in_athletics__track_and_field__31.pcm";"3";"3";"9";"0";"0.0";"2";"100.0";"1";"false";"0"
"1982_83_Boston_Bruins_season_0.pcm";"6";"80";"480";"0";"0.0";"5";"100.0";"0";"false";"0"
"1981_World_Junior_Ice_Hockey_Championships_10.pcm";"5";"7";"35";"0";"0.0";"4";"100.0";"4";"true";"0"
"1981_Seattle_Seahawks_season_2.pcm";"10";"16";"160";"0";"0.0";"9";"100.0";"0";"false";"0"
"1981_Toronto_Blue_Jays_season_5.pcm";"4";"11";"44";"0";"0.0";"3";"100.0";"3";"true";"0"
"1981_in_Brazilian_football_0.pcm";"1";"0";"0";"0";"0.0";"0";"0.0";"0";"false";"0"
"1982_83_Colchester_United_F.C._season_2.pcm";"6";"7";"42";"5";"11.904761904761905";"4";"80.0";"0";"false";"0"
"1982_83_Detroit_Red_Wings_season_1.pcm";"11";"36";"396";"0";"0.0";"9";"90.0";"8";"true";"0"
"1982_83_French_Division_2_0.pcm";"10";"18";"180";"13";"7.222222222222222";"8";"88.88888888888889";"7";"true";"0"
"1981_in_Japanese_television_1.pcm";"5";"7";"35";"21";"60.0";"4";"100.0";"0";"false";"0"
"1982_83_FA_Trophy_2.pcm";"4";"64";"256";"4";"1.5625";"3";"100.0";"0";"false";"0"
"1981_WTA_Tour_13.pcm";"5";"20";"100";"0";"0.0";"4";"100.0";"2";"true";"0"
"1981_Vuelta_a_Espa_a_0.pcm";"4";"10";"40";"0";"0.0";"3";"100.0";"0";"false";"0"
"1982_83_Liverpool_F.C._season_0.pcm";"10";"21";"210";"0";"0.0";"9";"100.0";"7";"true";"0"
"1981_Talladega_500_0.pcm";"3";"5";"15";"0";"0.0";"2";"100.0";"1";"false";"0"
"1981_Tour_de_France_3.pcm";"4";"111";"444";"0";"0.0";"3";"100.0";"0";"false";"0"
"1982_83_Football_League_Cup_12.pcm";"1";"0";"0";"0";"0.0";"0";"0.0";"0";"false";"0"
"1982_83_Austrian_Hockey_League_season_1.pcm";"9";"6";"54";"0";"0.0";"8";"100.0";"6";"true";"0"
"1981_Ryder_Cup_2.pcm";"3";"6";"18";"0";"0.0";"0";"0.0";"0";"false";"0"
"1981_in_athletics__track_and_field__12.pcm";"3";"5";"15";"0";"0.0";"2";"100.0";"0";"false";"0"
"1982_83_FDGB-Pokal_7.pcm";"1";"0";"0";"0";"0.0";"0";"0.0";"0";"false";"0"
"1982_83_Edmonton_Oilers_season_2.pcm";"6";"5";"30";"0";"0.0";"5";"100.0";"5";"true";"0"
"1981_Trans-Am_season_0.pcm";"5";"9";"45";"0";"0.0";"4";"100.0";"0";"false";"0"
"1982_83_Burnley_F.C._season_0.pcm";"5";"42";"210";"12";"5.714285714285714";"3";"75.0";"0";"false";"0"
"1981_South_American_U-20_Championship_2.pcm";"9";"4";"36";"0";"0.0";"8";"100.0";"7";"true";"0"
"1981_in_Brazilian_football_2.pcm";"4";"9";"36";"0";"0.0";"3";"100.0";"3";"true";"0"
"1981_World_Rhythmic_Gymnastics_Championships_7.pcm";"6";"8";"48";"8";"16.666666666666668";"5";"100.0";"3";"true";"0"
"1982_83_John_Player_Cup_0.pcm";"3";"14";"42";"0";"0.0";"2";"100.0";"0";"false";"0"
"1982_83_FA_Trophy_9.pcm";"4";"1";"4";"0";"0.0";"3";"100.0";"0";"false";"0"
"1981_Skate_Canada_International_0.pcm";"4";"9";"36";"1";"2.7777777777777777";"3";"100.0";"0";"false";"0"
"1981_St._Louis_Cardinals_season_2.pcm";"7";"6";"42";"0";"0.0";"6";"100.0";"5";"true";"0"
"1982_83_FA_Trophy_6.pcm";"4";"4";"16";"0";"0.0";"3";"100.0";"0";"false";"0"
"1982_83_Liga_Nacional_de_Hockey_Hielo_season_0.pcm";"8";"6";"48";"0";"0.0";"7";"100.0";"5";"true";"0"
"1982_83_Major_Indoor_Soccer_League_season_12.pcm";"2";"5";"10";"0";"0.0";"1";"100.0";"0";"false";"0"
"1982_83_Manchester_United_F.C._season_2.pcm";"7";"7";"49";"0";"0.0";"5";"83.33333333333333";"0";"false";"0"
"1982_83_Detroit_Red_Wings_season_0.pcm";"6";"80";"480";"0";"0.0";"5";"100.0";"0";"false";"0"
"1982_83_Boston_Bruins_season_2.pcm";"5";"8";"40";"0";"0.0";"4";"100.0";"4";"true";"0"
"1982_83_Atlanta_Hawks_season_1.pcm";"2";"0";"0";"0";"0.0";"0";"0.0";"0";"false";"0"
"1981_Uganda_Cup_0.pcm";"4";"1";"4";"0";"0.0";"3";"100.0";"0";"false";"0"
"1981_World_Outdoor_Bowls_Championship_2.pcm";"7";"18";"126";"0";"0.0";"6";"100.0";"6";"true";"0"
"1982_83_Division_1_season__Swedish_ice_hockey__4.pcm";"9";"10";"90";"0";"0.0";"8";"100.0";"7";"true";"0"
"1981_Tooth_Cup_1.pcm";"6";"8";"48";"0";"0.0";"5";"100.0";"2";"true";"0"
"1981_in_athletics__track_and_field__15.pcm";"3";"5";"15";"0";"0.0";"2";"100.0";"1";"false";"0"
"1982_83_Hibernian_F.C._season_0.pcm";"7";"36";"252";"36";"14.285714285714286";"6";"100.0";"0";"false";"0"
"1981_in_association_football_0.pcm";"6";"8";"48";"0";"0.0";"5";"100.0";"0";"false";"0"
"1982_83_Los_Angeles_Kings_season_0.pcm";"6";"80";"480";"0";"0.0";"5";"100.0";"0";"false";"0"
"1982_83_Libyan_Premier_League_0.pcm";"9";"8";"72";"0";"0.0";"8";"100.0";"6";"true";"0"
"1981_World_Series_of_Poker_0.pcm";"4";"12";"48";"0";"0.0";"3";"100.0";"0";"false";"0"
"1981_San_Diego_Padres_season_2.pcm";"7";"9";"63";"0";"0.0";"6";"100.0";"5";"true";"0"
"1981_World_Artistic_Gymnastics_Championships_13.pcm";"4";"13";"52";"0";"0.0";"2";"66.66666666666667";"2";"true";"0"
"1981_Tour_de_France_6.pcm";"3";"15";"45";"0";"0.0";"2";"100.0";"0";"false";"0"
"1981_Seattle_Seahawks_season_1.pcm";"10";"4";"40";"0";"0.0";"9";"100.0";"0";"false";"0"
"1981_World_Junior_Ice_Hockey_Championships_1.pcm";"5";"7";"35";"0";"0.0";"4";"100.0";"4";"true";"0"
"1981_Vuelta_a_Espa_a_1.pcm";"4";"14";"56";"0";"0.0";"3";"100.0";"0";"false";"0"
"1982_83_Hong_Kong_First_Division_League_0.pcm";"9";"10";"90";"0";"0.0";"8";"100.0";"7";"true";"0"
"1981_in_country_music_3.pcm";"5";"59";"295";"0";"0.0";"4";"100.0";"1";"false";"0"
"1982_83_NHL_season_3.pcm";"10";"10";"100";"0";"0.0";"9";"100.0";"8";"true";"0"
"1981_Southeast_Asian_Games_0.pcm";"6";"7";"42";"0";"0.0";"5";"100.0";"4";"true";"0"
"1982_83_FIBA_European_Champions_Cup_1.pcm";"8";"6";"48";"0";"0.0";"7";"100.0";"6";"true";"0"
"1982_83_Football_League_1.pcm";"2";"6";"12";"6";"50.0";"1";"100.0";"0";"false";"0"
"1982_83_Alliance_Premier_League_2.pcm";"3";"5";"15";"0";"0.0";"2";"100.0";"1";"false";"0"
"1981_UEFA_European_Under-18_Championship_7.pcm";"6";"3";"18";"0";"0.0";"5";"100.0";"0";"false";"0"
"1981_Toronto_Blue_Jays_season_3.pcm";"11";"12";"132";"0";"0.0";"10";"100.0";"9";"true";"0"
"1982_83_Manchester_United_F.C._season_4.pcm";"7";"2";"14";"1";"7.142857142857143";"6";"100.0";"0";"false";"0"
"1981_San_Francisco_Giants_season_4.pcm";"7";"5";"35";"0";"0.0";"6";"100.0";"6";"true";"0"
"1981_World_Figure_Skating_Championships_0.pcm";"4";"3";"12";"0";"0.0";"3";"100.0";"0";"false";"0"
"1981_Tampa_Bay_Buccaneers_season_0.pcm";"5";"8";"40";"0";"0.0";"4";"100.0";"1";"false";"0"
"1981_World_Outdoor_Bowls_Championship_4.pcm";"7";"18";"126";"0";"0.0";"6";"100.0";"5";"true";"0"
"1982_83_KNVB_Cup_2.pcm";"3";"8";"24";"0";"0.0";"1";"50.0";"0";"false";"0"
"1982_83_FIS_Ski_Jumping_World_Cup_1.pcm";"3";"10";"30";"0";"0.0";"2";"100.0";"1";"false";"0"
"1982_83_Minnesota_North_Stars_season_2.pcm";"1";"5";"5";"0";"0.0";"0";"0.0";"0";"false";"0"
"1982_83_FA_Cup_Qualifying_Rounds_9.pcm";"4";"36";"144";"0";"0.0";"3";"100.0";"0";"false";"0"
"1982_83_Minnesota_North_Stars_season_0.pcm";"5";"1";"5";"0";"0.0";"4";"100.0";"0";"false";"0"
"1982_83_Major_Indoor_Soccer_League_season_2.pcm";"9";"7";"63";"0";"0.0";"8";"100.0";"5";"true";"0"
"1982_83_FA_Cup_7.pcm";"23";"0";"0";"0";"0.0";"0";"0.0";"0";"false";"0"
"1981_VFL_draft_0.pcm";"7";"24";"168";"0";"0.0";"6";"100.0";"2";"true";"0"
"1981_Uber_Cup_8.pcm";"3";"1";"3";"0";"0.0";"2";"100.0";"0";"false";"0"
"1982_83_Kansas_City_Kings_season_0.pcm";"6";"10";"60";"4";"6.666666666666667";"4";"80.0";"1";"false";"0"
"1982_83_KNVB_Cup_3.pcm";"3";"9";"27";"0";"0.0";"2";"100.0";"0";"false";"0"
"1982_83_FIBA_European_Cup_Winner_s_Cup_1.pcm";"1";"0";"0";"0";"0.0";"0";"0.0";"0";"false";"0"
"1982_83_Hartford_Whalers_season_0.pcm";"6";"80";"480";"0";"0.0";"5";"100.0";"0";"false";"0"
"1981_in_athletics__track_and_field__26.pcm";"3";"5";"15";"0";"0.0";"2";"100.0";"0";"false";"0"
"1981_St._Louis_Cardinals__NFL__season_0.pcm";"5";"16";"80";"0";"0.0";"4";"100.0";"0";"false";"0"
"1982_83_Chicago_Bulls_season_0.pcm";"6";"12";"72";"7";"9.722222222222221";"4";"80.0";"1";"false";"0"
"1982_83_Montreal_Canadiens_season_2.pcm";"5";"8";"40";"0";"0.0";"4";"100.0";"4";"true";"0"
"1982_83_Boston_Bruins_season_5.pcm";"6";"11";"66";"0";"0.0";"5";"100.0";"0";"false";"0"
"1981_Super_Bowl_of_Poker_3.pcm";"3";"3";"9";"0";"0.0";"2";"100.0";"0";"false";"0"
"1982_83_AHL_season_5.pcm";"2";"2";"4";"0";"0.0";"1";"100.0";"0";"false";"0"
"1982_83_French_Rugby_Union_Championship_6.pcm";"2";"1";"2";"0";"0.0";"1";"100.0";"0";"false";"0"
"1982_83_Edmonton_Oilers_season_4.pcm";"6";"5";"30";"0";"0.0";"5";"100.0";"5";"true";"0"
"1981_in_American_television_3.pcm";"3";"1";"3";"0";"0.0";"2";"100.0";"0";"false";"0"
"1981_Ta_a_de_Portugal_Final_1.pcm";"1";"0";"0";"0";"0.0";"0";"0.0";"0";"false";"0"
"1982_83_Football_League_Cup_0.pcm";"4";"28";"112";"0";"0.0";"3";"100.0";"0";"false";"0"
"1981_San_Diego_Padres_season_1.pcm";"8";"5";"40";"0";"0.0";"7";"100.0";"5";"true";"0"
"1981_World_Artistic_Gymnastics_Championships_17.pcm";"4";"13";"52";"0";"0.0";"2";"66.66666666666667";"2";"true";"0"
"1981_Scotland_rugby_union_tour_of_New_Zealand_0.pcm";"6";"8";"48";"0";"0.0";"4";"80.0";"2";"true";"0"
"1982_83_Chicago_Black_Hawks_season_7.pcm";"4";"7";"28";"0";"0.0";"3";"100.0";"3";"true";"0"
"1982_83_Milwaukee_Bucks_season_2.pcm";"12";"11";"132";"121";"91.66666666666667";"11";"100.0";"0";"false";"0"
"1982_83_Algerian_Championnat_National_1.pcm";"2";"3";"6";"3";"50.0";"1";"100.0";"0";"false";"0"
"1982_83_Blackpool_F.C._season_1.pcm";"10";"23";"230";"0";"0.0";"9";"100.0";"7";"true";"0"
"1981_World_Rally_Championship_season_3.pcm";"2";"9";"18";"0";"0.0";"1";"100.0";"1";"false";"0"
"1982_83_Montreal_Canadiens_season_5.pcm";"5";"0";"0";"0";"0.0";"0";"0.0";"0";"false";"0"
"1982_83_Galatasaray_S.K._season_3.pcm";"10";"18";"180";"0";"0.0";"8";"88.88888888888889";"7";"true";"0"
"1981_World_Junior_Ice_Hockey_Championships_9.pcm";"5";"7";"35";"0";"0.0";"4";"100.0";"4";"true";"0"
"1981_Tooth_Cup_2.pcm";"6";"4";"24";"0";"0.0";"5";"100.0";"2";"true";"0"
"1981_San_Francisco_Giants_season_1.pcm";"1";"0";"0";"0";"0.0";"0";"0.0";"0";"false";"0"
"1982_83_KNVB_Cup_6.pcm";"9";"2";"18";"0";"0.0";"8";"100.0";"0";"false";"0"
"1982_83_Danish_1._division_season_0.pcm";"9";"8";"72";"0";"0.0";"8";"100.0";"7";"true";"0"
"1982_83_Detroit_Pistons_season_0.pcm";"6";"9";"54";"6";"11.11111111111111";"4";"80.0";"1";"false";"0"
"1982_83_Bulgarian_Hockey_League_season_0.pcm";"8";"6";"48";"0";"0.0";"7";"100.0";"5";"true";"0"
"1982_83_Football_League_Cup_11.pcm";"1";"0";"0";"0";"0.0";"0";"0.0";"0";"false";"0"
"1982_83_Denver_Nuggets_season_0.pcm";"6";"9";"54";"8";"14.814814814814815";"5";"100.0";"1";"false";"0"
"1982_83_Colchester_United_F.C._season_3.pcm";"6";"2";"12";"2";"16.666666666666668";"5";"100.0";"0";"false";"0"
"1982_83_French_Division_1_1.pcm";"12";"20";"240";"32";"13.333333333333334";"10";"90.9090909090909";"7";"true";"0"
"1982_83_Birmingham_City_F.C._season_3.pcm";"8";"4";"32";"0";"0.0";"7";"100.0";"0";"false";"0"
"1981_Tampa_Bay_Buccaneers_season_2.pcm";"6";"0";"0";"0";"0.0";"0";"0.0";"0";"false";"0"
"1982_83_KNVB_Cup_5.pcm";"3";"8";"24";"0";"0.0";"2";"100.0";"0";"false";"0"
"1982_83_Milwaukee_Bucks_season_0.pcm";"6";"8";"48";"5";"10.416666666666666";"4";"80.0";"1";"false";"0"
"1982_2000__Europe_album__0.pcm";"1";"0";"0";"0";"0.0";"0";"0.0";"0";"false";"0"
"1981_in_athletics__track_and_field__14.pcm";"3";"5";"15";"0";"0.0";"2";"100.0";"1";"false";"0"
"1981_World_Wrestling_Championships_1.pcm";"5";"6";"30";"0";"0.0";"4";"100.0";"2";"true";"0"
"1982_83_NK_Hajduk_Split_season_1.pcm";"7";"34";"238";"6";"2.5210084033613445";"5";"83.33333333333333";"0";"false";"0"
"1981_in_Australian_television_0.pcm";"3";"3";"9";"0";"0.0";"2";"100.0";"0";"false";"0"
"1981_Uber_Cup_0.pcm";"4";"1";"4";"0";"0.0";"3";"100.0";"0";"false";"0"
"1981_San_Francisco_Giants_season_5.pcm";"2";"6";"12";"0";"0.0";"1";"100.0";"1";"false";"0"
"1982_83_DFB-Pokal__women__0.pcm";"5";"1";"5";"0";"0.0";"4";"100.0";"0";"false";"0"
"1981_Superta_a_C_ndido_de_Oliveira_5.pcm";"2";"0";"0";"0";"0.0";"0";"0.0";"0";"false";"0"
"1982_83_Division_1_season__Swedish_ice_hockey__3.pcm";"9";"8";"72";"0";"0.0";"8";"100.0";"7";"true";"0"
"1982_83_French_Rugby_Union_Championship_4.pcm";"3";"2";"6";"0";"0.0";"2";"100.0";"0";"false";"0"
"1982_83_Colchester_United_F.C._season_7.pcm";"2";"6";"12";"0";"0.0";"1";"100.0";"0";"false";"0"
"1982_83_John_Player_Cup_2.pcm";"3";"16";"48";"0";"0.0";"2";"100.0";"0";"false";"0"
"1981_Winnipeg_Blue_Bombers_season_1.pcm";"6";"4";"24";"0";"0.0";"5";"100.0";"0";"false";"0"
"1982_83_Edmonton_Oilers_season_5.pcm";"3";"8";"24";"0";"0.0";"2";"100.0";"2";"true";"0"
"1982_83_Maltese_Premier_League_0.pcm";"9";"8";"72";"0";"0.0";"8";"100.0";"7";"true";"0"
"1982_83_Chicago_Black_Hawks_season_0.pcm";"6";"80";"480";"0";"0.0";"5";"100.0";"0";"false";"0"
"1982_83_Luxembourg_National_Division_0.pcm";"9";"12";"108";"0";"0.0";"8";"100.0";"7";"true";"0"
"1981_in_athletics__track_and_field__32.pcm";"3";"4";"12";"0";"0.0";"2";"100.0";"1";"false";"0"
"1981_World_Artistic_Gymnastics_Championships_7.pcm";"5";"8";"40";"0";"0.0";"3";"75.0";"3";"true";"0"
"1982_83_Illinois_Fighting_Illini_men_s_basketball_team_0.pcm";"6";"15";"90";"0";"0.0";"4";"80.0";"0";"false";"0"
"1982_83_Greek_Cup_7.pcm";"1";"0";"0";"0";"0.0";"0";"0.0";"0";"false";"0"
"1981_World_Table_Tennis_Championships_0.pcm";"4";"1";"4";"0";"0.0";"3";"100.0";"0";"false";"0"
"1981_UEFA_Cup_Final_1.pcm";"1";"0";"0";"0";"0.0";"0";"0.0";"0";"false";"0"
"1981_Toronto_Blue_Jays_season_4.pcm";"4";"10";"40";"0";"0.0";"3";"100.0";"3";"true";"0"
"1982_83_Irish_League_0.pcm";"9";"12";"108";"0";"0.0";"8";"100.0";"7";"true";"0"
"1981_Super_Bowl_of_Poker_7.pcm";"3";"3";"9";"0";"0.0";"2";"100.0";"0";"false";"0"
"1981_Swedish_football_Division_2_1.pcm";"10";"14";"140";"0";"0.0";"9";"100.0";"7";"true";"0"
"1981_World_s_Strongest_Man_0.pcm";"4";"10";"40";"0";"0.0";"3";"100.0";"1";"false";"0"
"1981_in_Swedish_football_5.pcm";"10";"14";"140";"0";"0.0";"9";"100.0";"7";"true";"0"
"1981_Women_s_Hockey_World_Cup_0.pcm";"7";"8";"56";"0";"0.0";"6";"100.0";"5";"true";"0"
"1982_83_Liverpool_F.C._season_2.pcm";"22";"0";"0";"0";"0.0";"0";"0.0";"0";"false";"0"
"1982_83_Major_Indoor_Soccer_League_season_1.pcm";"9";"7";"63";"0";"0.0";"8";"100.0";"5";"true";"0"
"1982_83_John_Player_Cup_1.pcm";"3";"10";"30";"0";"0.0";"2";"100.0";"0";"false";"0"
"1982_83_Athletic_Gorna_Oryahovitsa_season_0.pcm";"8";"22";"176";"0";"0.0";"7";"100.0";"6";"true";"0"
"1982_83_Boston_Bruins_season_3.pcm";"10";"22";"220";"0";"0.0";"9";"100.0";"8";"true";"0"
"1982_83_Edmonton_Oilers_season_11.pcm";"5";"0";"0";"0";"0.0";"0";"0.0";"0";"false";"0"
"1982_83_Hibernian_F.C._season_2.pcm";"7";"6";"42";"12";"28.571428571428573";"6";"100.0";"1";"false";"0"
"1981_in_athletics__track_and_field__16.pcm";"3";"5";"15";"0";"0.0";"2";"100.0";"1";"false";"0"
"1981_Super_Bowl_of_Poker_11.pcm";"3";"3";"9";"0";"0.0";"2";"100.0";"0";"false";"0"
"1982_83_Hartford_Whalers_season_1.pcm";"5";"0";"0";"0";"0.0";"0";"0.0";"0";"false";"0"
"1982_83_Greek_Cup_3.pcm";"5";"8";"40";"0";"0.0";"3";"75.0";"0";"false";"0"
"1982_83_Four_Hills_Tournament_1.pcm";"3";"10";"30";"0";"0.0";"2";"100.0";"1";"false";"0"
"1982_83_Biathlon_World_Cup_7.pcm";"3";"4";"12";"0";"0.0";"2";"100.0";"1";"false";"0"
"1982_83_Israel_State_Cup_4.pcm";"3";"0";"0";"0";"0.0";"0";"0.0";"0";"false";"0"
"1981_World_Ice_Hockey_Championships_0.pcm";"8";"4";"32";"0";"0.0";"7";"100.0";"5";"true";"0"
"1981_Texas_Rangers_season_4.pcm";"2";"6";"12";"0";"0.0";"1";"100.0";"1";"false";"0"
"1982_83_Major_Indoor_Soccer_League_season_5.pcm";"1";"0";"0";"0";"0.0";"0";"0.0";"0";"false";"0"
"1981_Skate_America_1.pcm";"13";"2";"26";"14";"53.84615384615385";"12";"100.0";"0";"false";"0"
"1981_World_Wrestling_Championships_2.pcm";"4";"9";"36";"0";"0.0";"3";"100.0";"0";"false";"0"
"1982_83_Football_League_7.pcm";"2";"5";"10";"5";"50.0";"1";"100.0";"0";"false";"0"
"1981_UEFA_European_Under-18_Championship_9.pcm";"6";"3";"18";"0";"0.0";"5";"100.0";"0";"false";"0"
"1982_83_FA_Cup_Qualifying_Rounds_1.pcm";"4";"12";"48";"0";"0.0";"3";"100.0";"0";"false";"0"
"1982_83_Cardiff_City_F.C._season_1.pcm";"10";"23";"230";"0";"0.0";"9";"100.0";"7";"true";"0"
"1981_Tour_de_France_7.pcm";"3";"5";"15";"0";"0.0";"2";"100.0";"0";"false";"0"
"1981_Southeastern_Conference_Baseball_Tournament_1.pcm";"4";"14";"56";"0";"0.0";"3";"100.0";"0";"false";"0"
"1982_83_DDR-Oberliga__ice_hockey__season_0.pcm";"5";"9";"45";"0";"0.0";"4";"100.0";"0";"false";"0"
"1982_83_Calgary_Flames_season_6.pcm";"11";"13";"143";"55";"38.46153846153846";"10";"100.0";"2";"true";"0"
"1982_83_Aberdeen_F.C._season_6.pcm";"7";"5";"35";"0";"0.0";"5";"83.33333333333333";"1";"false";"0"
"1982_83_Football_League_Cup_4.pcm";"4";"16";"64";"0";"0.0";"3";"100.0";"0";"false";"0"
"1982_83_Houston_Rockets_season_1.pcm";"1";"11";"11";"0";"0.0";"0";"0.0";"0";"false";"0"
"1982_83_Detroit_Red_Wings_season_2.pcm";"9";"5";"45";"0";"0.0";"8";"100.0";"8";"true";"0"
"1981_Tooth_Cup_4.pcm";"6";"1";"6";"0";"0.0";"5";"100.0";"2";"true";"0"
"1981_UEFA_European_Under-18_Championship_6.pcm";"5";"8";"40";"0";"0.0";"4";"100.0";"4";"true";"0"
"1982_83_FIS_Cross-Country_World_Cup_1.pcm";"4";"10";"40";"0";"0.0";"3";"100.0";"0";"false";"0"
"1982_83_FA_Trophy_12.pcm";"4";"16";"64";"0";"0.0";"3";"100.0";"0";"false";"0"
"1982_83_Libyan_Premier_League_1.pcm";"9";"8";"72";"0";"0.0";"8";"100.0";"5";"true";"0"
"1982_83_Copa_del_Rey_1.pcm";"2";"5";"10";"0";"0.0";"1";"100.0";"1";"false";"0"
"1981_World_Ice_Hockey_Championships_7.pcm";"2";"7";"14";"2";"14.285714285714286";"0";"0.0";"0";"false";"0"
"1982_83_FIBA_Kora__Cup_0.pcm";"2";"0";"0";"0";"0.0";"0";"0.0";"0";"false";"0"
"1981_Spanish_Grand_Prix_1.pcm";"3";"5";"15";"0";"0.0";"2";"100.0";"1";"false";"0"
"1982_83_Aberdeen_F.C._season_0.pcm";"6";"4";"24";"1";"4.166666666666667";"5";"100.0";"2";"true";"0"
"1982_83_AHL_season_3.pcm";"2";"2";"4";"0";"0.0";"1";"100.0";"0";"false";"0"
"1981_Winston_Western_500__January__0.pcm";"3";"5";"15";"0";"0.0";"2";"100.0";"1";"false";"0"
"1981_in_spaceflight_0.pcm";"4";"1";"4";"0";"0.0";"3";"100.0";"0";"false";"0"
"1981_World_Rhythmic_Gymnastics_Championships_5.pcm";"6";"8";"48";"8";"16.666666666666668";"5";"100.0";"4";"true";"0"
"1981_VFL_Grand_Final_1.pcm";"2";"0";"0";"0";"0.0";"0";"0.0";"0";"false";"0"
"1981_in_Scotland_0.pcm";"1";"8";"8";"0";"0.0";"0";"0.0";"0";"false";"0"
"1981_Ryder_Cup_4.pcm";"7";"2";"14";"0";"0.0";"6";"100.0";"0";"false";"0"
"1982_83_FA_Trophy_21.pcm";"5";"2";"10";"0";"0.0";"4";"100.0";"0";"false";"0"
"1982_83_Aberdeen_F.C._season_3.pcm";"7";"6";"42";"0";"0.0";"6";"100.0";"1";"false";"0"
"1981_San_Francisco_49ers_season_4.pcm";"9";"16";"144";"0";"0.0";"8";"100.0";"0";"false";"0"
"1982_83_French_Rugby_Union_Championship_0.pcm";"2";"1";"2";"0";"0.0";"1";"100.0";"0";"false";"0"
"1982_83_Major_Indoor_Soccer_League_season_4.pcm";"1";"0";"0";"0";"0.0";"0";"0.0";"0";"false";"0"
"1981_in_athletics__track_and_field__21.pcm";"3";"5";"15";"0";"0.0";"2";"100.0";"1";"false";"0"
"1981_in_athletics__track_and_field__9.pcm";"3";"1";"3";"0";"0.0";"2";"100.0";"0";"false";"0"
"1982_83_FDGB-Pokal_2.pcm";"6";"17";"102";"0";"0.0";"5";"100.0";"1";"false";"0"
"1982_83_FIS_Ski_Jumping_World_Cup_3.pcm";"3";"10";"30";"0";"0.0";"2";"100.0";"1";"false";"0"
"1981_Uber_Cup_5.pcm";"4";"0";"0";"0";"0.0";"0";"0.0";"0";"false";"0"
"1981_Superta_a_C_ndido_de_Oliveira_4.pcm";"1";"0";"0";"0";"0.0";"0";"0.0";"0";"false";"0"
"1982_83_FA_Trophy_11.pcm";"4";"5";"20";"0";"0.0";"3";"100.0";"0";"false";"0"
"1981_in_athletics__track_and_field__36.pcm";"3";"5";"15";"0";"0.0";"2";"100.0";"0";"false";"0"
"1982_83_Football_League_Cup_7.pcm";"4";"1";"4";"0";"0.0";"3";"100.0";"0";"false";"0"
"1981_in_basketball_0.pcm";"3";"0";"0";"0";"0.0";"0";"0.0";"0";"false";"0"
"1982_83_Atlanta_Hawks_season_4.pcm";"1";"2";"2";"0";"0.0";"0";"0.0";"0";"false";"0"
"1982_83_FA_Cup_Qualifying_Rounds_4.pcm";"4";"31";"124";"0";"0.0";"3";"100.0";"0";"false";"0"
"1982_83_Macedonian_Republic_League_1.pcm";"10";"16";"160";"0";"0.0";"9";"100.0";"7";"true";"0"
"1981_Soviet_nuclear_tests_0.pcm";"11";"37";"407";"143";"35.13513513513514";"10";"100.0";"0";"false";"0"
"1982_83_Alliance_Premier_League_1.pcm";"2";"5";"10";"5";"50.0";"1";"100.0";"0";"false";"0"
"1982_83_Liga_Espa_ola_de_Baloncesto_0.pcm";"2";"14";"28";"0";"0.0";"1";"100.0";"0";"false";"0"
"1982_83_NBA_season_5.pcm";"2";"5";"10";"0";"0.0";"1";"100.0";"0";"false";"0"
"1981_World_Artistic_Gymnastics_Championships_16.pcm";"5";"8";"40";"0";"0.0";"3";"75.0";"3";"true";"0"
"1981_in_athletics__track_and_field__38.pcm";"3";"5";"15";"0";"0.0";"2";"100.0";"1";"false";"0"
"1981_World_Ice_Hockey_Championships_5.pcm";"8";"8";"64";"0";"0.0";"7";"100.0";"5";"true";"0"
"1981_San_Marino_Grand_Prix_1.pcm";"3";"5";"15";"0";"0.0";"2";"100.0";"1";"false";"0"
"1982_83_Leicester_City_F.C._season_2.pcm";"3";"0";"0";"0";"0.0";"0";"0.0";"0";"false";"0"
"1982_83_Football_League_Cup_2.pcm";"4";"32";"128";"0";"0.0";"3";"100.0";"0";"false";"0"
"1981_St._Louis_Cardinals_season_1.pcm";"8";"0";"0";"0";"0.0";"0";"0.0";"0";"false";"0"
"1981_Women_s_World_Team_Squash_Championships_2.pcm";"5";"17";"85";"2";"2.3529411764705883";"4";"100.0";"0";"false";"0"
"1982_83_Birmingham_City_F.C._season_2.pcm";"8";"3";"24";"2";"8.333333333333334";"7";"100.0";"0";"false";"0"
"1982_83_French_Rugby_Union_Championship_2.pcm";"4";"8";"32";"0";"0.0";"3";"100.0";"0";"false";"0"
"1981_State_of_Origin_game_0.pcm";"17";"0";"0";"0";"0.0";"0";"0.0";"0";"false";"0"
"1981_U.S._Open__golf__7.pcm";"5";"18";"90";"0";"0.0";"4";"100.0";"1";"false";"0"
"1982_83_Aston_Villa_F.C._season_4.pcm";"1";"0";"0";"0";"0.0";"0";"0.0";"0";"false";"0"
"1981_Sligo_Senior_Football_Championship_1.pcm";"7";"2";"14";"0";"0.0";"6";"100.0";"0";"false";"0"
"1982_83_FA_Trophy_1.pcm";"4";"6";"24";"0";"0.0";"3";"100.0";"0";"false";"0"
"1982_83_Major_Indoor_Soccer_League_season_0.pcm";"3";"14";"42";"0";"0.0";"2";"100.0";"0";"false";"0"
"1982_83_FIBA_Kora__Cup_2.pcm";"1";"0";"0";"0";"0.0";"0";"0.0";"0";"false";"0"
"1982_83_Alpha_Ethniki_2.pcm";"1";"1";"1";"0";"0.0";"0";"0.0";"0";"false";"0"
"1982_83_KNVB_Cup_1.pcm";"3";"7";"21";"0";"0.0";"2";"100.0";"0";"false";"0"
"1981_Super_Bowl_of_Poker_4.pcm";"3";"3";"9";"0";"0.0";"2";"100.0";"0";"false";"0"
"1982_83_AHL_season_4.pcm";"2";"6";"12";"0";"0.0";"1";"100.0";"0";"false";"0"
"1982_83_Georgetown_Hoyas_men_s_basketball_team_1.pcm";"3";"17";"51";"3";"5.882352941176471";"2";"100.0";"2";"true";"0"
"1981_Skate_America_2.pcm";"6";"7";"42";"22";"52.38095238095238";"5";"100.0";"0";"false";"0"
"1982_83_Birmingham_City_F.C._season_4.pcm";"12";"30";"360";"0";"0.0";"9";"81.81818181818181";"5";"true";"0"
"1981_Swedish_football_Division_2_0.pcm";"10";"14";"140";"0";"0.0";"9";"100.0";"7";"true";"0"
"1982_83_Boston_Bruins_season_1.pcm";"11";"29";"319";"0";"0.0";"10";"100.0";"8";"true";"0"
"1981_Skate_America_0.pcm";"10";"2";"20";"8";"40.0";"9";"100.0";"0";"false";"0"
"1982_83_KNVB_Cup_0.pcm";"8";"2";"16";"0";"0.0";"7";"100.0";"0";"false";"0"
"1981_Seattle_Mariners_season_2.pcm";"7";"7";"49";"0";"0.0";"6";"100.0";"5";"true";"0"
"1982_83_French_Rugby_Union_Championship_3.pcm";"3";"4";"12";"0";"0.0";"2";"100.0";"0";"false";"0"
"1981_World_Rhythmic_Gymnastics_Championships_3.pcm";"8";"85";"680";"85";"12.5";"7";"100.0";"6";"true";"0"
"1981_Texas_Rangers_season_2.pcm";"7";"4";"28";"0";"0.0";"6";"100.0";"5";"true";"0"
"1982_83_Galatasaray_S.K._season_0.pcm";"11";"32";"352";"0";"0.0";"10";"100.0";"8";"true";"0"
"1981_in_athletics__track_and_field__23.pcm";"3";"5";"15";"0";"0.0";"2";"100.0";"1";"false";"0"
"1982_83_FIBA_Kora__Cup_3.pcm";"1";"1";"1";"0";"0.0";"0";"0.0";"0";"false";"0"
"1982_83_FC_Dinamo_Bucure_ti_season_1.pcm";"1";"1";"1";"0";"0.0";"0";"0.0";"0";"false";"0"
"1982_83_Colchester_United_F.C._season_1.pcm";"6";"5";"30";"5";"16.666666666666668";"5";"100.0";"0";"false";"0"
"1981_Superta_a_C_ndido_de_Oliveira_6.pcm";"1";"1";"1";"0";"0.0";"0";"0.0";"0";"false";"0"
"1982_83_Houston_Cougars_men_s_basketball_team_1.pcm";"5";"6";"30";"0";"0.0";"4";"100.0";"3";"true";"0"
"1981_San_Francisco_49ers_season_7.pcm";"4";"6";"24";"0";"0.0";"2";"66.66666666666667";"0";"false";"0"
"1981_in_athletics__track_and_field__24.pcm";"3";"5";"15";"0";"0.0";"2";"100.0";"1";"false";"0"
"1982_83_Division_1_season__Swedish_ice_hockey__2.pcm";"9";"10";"90";"0";"0.0";"8";"100.0";"7";"true";"0"
"1982_83_French_Division_1_0.pcm";"3";"0";"0";"0";"0.0";"0";"0.0";"0";"false";"0"
"1982_83_Japan_Ice_Hockey_League_season_0.pcm";"9";"6";"54";"0";"0.0";"8";"100.0";"7";"true";"0"
"1981_Texas_Rangers_season_1.pcm";"2";"7";"14";"0";"0.0";"0";"0.0";"0";"false";"0"
"1981_Toronto_Argonauts_season_0.pcm";"5";"7";"35";"0";"0.0";"4";"100.0";"4";"true";"0"
"1982_83_Colchester_United_F.C._season_6.pcm";"7";"4";"28";"0";"0.0";"5";"83.33333333333333";"0";"false";"0"
"1981_San_Francisco_49ers_season_2.pcm";"5";"8";"40";"14";"35.0";"4";"100.0";"0";"false";"0"
"1982_83_Greek_Cup_5.pcm";"5";"2";"10";"0";"0.0";"4";"100.0";"0";"false";"0"
"1982_83_Edmonton_Oilers_season_8.pcm";"3";"8";"24";"0";"0.0";"2";"100.0";"0";"false";"0"
"1982_83_La_Liga_0.pcm";"3";"0";"0";"0";"0.0";"0";"0.0";"0";"false";"0"
"1982_83_Coupe_de_France_1.pcm";"5";"4";"20";"0";"0.0";"4";"100.0";"0";"false";"0"
"1981_Uber_Cup_9.pcm";"1";"1";"1";"0";"0.0";"0";"0.0";"0";"false";"0"
"1981_in_athletics__track_and_field__29.pcm";"3";"3";"9";"0";"0.0";"2";"100.0";"0";"false";"0"
"1982_83_Manchester_United_F.C._season_0.pcm";"6";"42";"252";"12";"4.761904761904762";"4";"80.0";"0";"false";"0"
"1982_83_Houston_Rockets_season_0.pcm";"6";"8";"48";"4";"8.333333333333334";"4";"80.0";"1";"false";"0"
"1981_Uber_Cup_2.pcm";"4";"1";"4";"0";"0.0";"3";"100.0";"0";"false";"0"
"1982_83_FIS_Cross-Country_World_Cup_2.pcm";"4";"10";"40";"0";"0.0";"3";"100.0";"1";"false";"0"
"1982_83_FDGB-Pokal_3.pcm";"6";"15";"90";"0";"0.0";"5";"100.0";"0";"false";"0"
"1982_83_FIBA_European_Champions_Cup_2.pcm";"1";"1";"1";"0";"0.0";"0";"0.0";"0";"false";"0"
"1982_83_Minnesota_North_Stars_season_4.pcm";"1";"6";"6";"0";"0.0";"0";"0.0";"0";"false";"0"
"1982_83_FA_Cup_6.pcm";"23";"0";"0";"0";"0.0";"0";"0.0";"0";"false";"0"
"1981_World_Junior_Ice_Hockey_Championships_6.pcm";"3";"3";"9";"0";"0.0";"2";"100.0";"0";"false";"0"
"1982_83_Huddersfield_Town_A.F.C._season_1.pcm";"7";"4";"28";"1";"3.5714285714285716";"6";"100.0";"0";"false";"0"
"1982_83_Leicester_City_F.C._season_4.pcm";"2";"6";"12";"0";"0.0";"0";"0.0";"0";"false";"0"
"1982_83_ACHL_season_0.pcm";"7";"7";"49";"0";"0.0";"6";"100.0";"6";"true";"0"
"1982_83_KNVB_Cup_4.pcm";"9";"2";"18";"0";"0.0";"8";"100.0";"0";"false";"0"
"1981_Superta_a_C_ndido_de_Oliveira_0.pcm";"23";"0";"0";"0";"0.0";"0";"0.0";"0";"false";"0"
"1982_83_Kansas_City_Kings_season_1.pcm";"1";"11";"11";"0";"0.0";"0";"0.0";"0";"false";"0"
"1981_San_Francisco_Giants_season_2.pcm";"8";"8";"64";"0";"0.0";"6";"85.71428571428571";"5";"true";"0"
"1982_83_Aberdeen_F.C._season_5.pcm";"7";"2";"14";"1";"7.142857142857143";"6";"100.0";"1";"false";"0"
"1982_83_La_Liga_1.pcm";"11";"18";"198";"10";"5.05050505050505";"9";"90.0";"7";"true";"0"
"1982_83_FA_Cup_Qualifying_Rounds_12.pcm";"4";"28";"112";"0";"0.0";"3";"100.0";"0";"false";"0"
"1982_83_Football_League_Cup_6.pcm";"4";"8";"32";"0";"0.0";"3";"100.0";"0";"false";"0"
"1981_World_Indoor_Bowls_Championship_1.pcm";"4";"5";"20";"0";"0.0";"3";"100.0";"2";"true";"0"
"1982_83_DFB-Pokal__women__3.pcm";"2";"2";"4";"0";"0.0";"1";"100.0";"0";"false";"0"
"1981_World_Artistic_Gymnastics_Championships_4.pcm";"5";"8";"40";"0";"0.0";"3";"75.0";"3";"true";"0"
"1982_83_Mersin__dmanyurdu_season_3.pcm";"2";"7";"14";"6";"42.857142857142854";"1";"100.0";"0";"false";"0"
"1982_83_Edmonton_Oilers_season_9.pcm";"1";"0";"0";"0";"0.0";"0";"0.0";"0";"false";"0"
"1981_South_American_Championships_in_Athletics_0.pcm";"7";"22";"154";"0";"0.0";"6";"100.0";"0";"false";"0"
"1982_83_Czechoslovak_Extraliga_season_0.pcm";"8";"12";"96";"0";"0.0";"7";"100.0";"5";"true";"0"
"1981_WIBC_season_0.pcm";"9";"9";"81";"0";"0.0";"8";"100.0";"7";"true";"0"
"1982_83_Division_1_season__Swedish_ice_hockey__5.pcm";"9";"8";"72";"0";"0.0";"8";"100.0";"7";"true";"0"
"1982_83_Austrian_Football_Bundesliga_0.pcm";"9";"16";"144";"0";"0.0";"8";"100.0";"7";"true";"0"
"1981_Wimbledon_Championships_0.pcm";"9";"5";"45";"0";"0.0";"5";"62.5";"0";"false";"0"
"1981_in_Brazilian_football_7.pcm";"6";"17";"102";"0";"0.0";"4";"80.0";"0";"false";"0"
"1981_UEFA_European_Under-18_Championship_5.pcm";"6";"3";"18";"0";"0.0";"5";"100.0";"0";"false";"0"
"1981_in_athletics__track_and_field__11.pcm";"3";"5";"15";"0";"0.0";"2";"100.0";"1";"false";"0"
"1982_83_NHL_season_2.pcm";"7";"11";"77";"0";"0.0";"6";"100.0";"5";"true";"0"
"1981_in_athletics__track_and_field__17.pcm";"3";"5";"15";"0";"0.0";"2";"100.0";"1";"false";"0"
"1982_83_Chicago_Black_Hawks_season_5.pcm";"4";"8";"32";"0";"0.0";"3";"100.0";"3";"true";"0"
"1982_83_Galatasaray_S.K._season_4.pcm";"3";"4";"12";"0";"0.0";"2";"100.0";"0";"false";"0"
"1982_83_John_Player_Cup_4.pcm";"3";"4";"12";"0";"0.0";"2";"100.0";"0";"false";"0"
"1981_U.S._Women_s_Open_Golf_Championship_0.pcm";"10";"9";"90";"0";"0.0";"8";"88.88888888888889";"5";"true";"0"
"1981_World_Artistic_Gymnastics_Championships_3.pcm";"5";"8";"40";"0";"0.0";"3";"75.0";"3";"true";"0"
"1981_Ta_a_de_Portugal_Final_3.pcm";"2";"0";"0";"0";"0.0";"0";"0.0";"0";"false";"0"
"1982_83_Greek_Cup_4.pcm";"5";"4";"20";"0";"0.0";"4";"100.0";"0";"false";"0"
"1981_Uber_Cup_6.pcm";"4";"0";"0";"0";"0.0";"0";"0.0";"0";"false";"0"
"1982_83_FIBA_European_Cup_Winner_s_Cup_2.pcm";"1";"1";"1";"0";"0.0";"0";"0.0";"0";"false";"0"
"1981_San_Francisco_Giants_season_6.pcm";"8";"7";"56";"0";"0.0";"7";"100.0";"7";"true";"0"
"1981_Women_s_Nordic_Football_Championship_0.pcm";"5";"8";"40";"0";"0.0";"4";"100.0";"4";"true";"0"
"1981_Stanford_Cardinals_football_team_1.pcm";"2";"13";"26";"0";"0.0";"1";"100.0";"0";"false";"0"
"1981_in_British_music_3.pcm";"4";"50";"200";"0";"0.0";"3";"100.0";"1";"false";"0"
"1982_83_Boston_Celtics_season_0.pcm";"6";"2";"12";"0";"0.0";"5";"100.0";"1";"false";"0"
"1982_83_Burnley_F.C._season_3.pcm";"6";"9";"54";"1";"1.8518518518518519";"5";"100.0";"0";"false";"0"
"1981_Tooth_Cup_3.pcm";"6";"2";"12";"0";"0.0";"5";"100.0";"2";"true";"0"
"1981_Scottish_Cup_Final_1.pcm";"1";"0";"0";"0";"0.0";"0";"0.0";"0";"false";"0"
"1981_Vuelta_a_Espa_a_4.pcm";"4";"5";"20";"0";"0.0";"3";"100.0";"1";"false";"0"
