imdbID;title;imdbRating;runtime;imdbVotes;genre;director;writer;actors;language;country;year;metascore;poster;plot;
"tt0944066";"Las Acciones permanecen";"N/A";"5 min";"N/A";"Short";"Ricardo Velazko";"Ricardo Velazko";"Edith Ruiz,Edith Ruíz,Rafael Salmones,Enrique Velasco";"Spanish";"Mexico";"2006";"N/A";"N/A";"N/A";
"tt0944067";"Aerobic Dance: Total Body Toning";"N/A";"55 min";"N/A";"Sport";"N/A";"N/A";"Suzanne Cox";"English";"UK";"1997";"N/A";"http://ia.media-imdb.com/images/M/MV5BMjEwMzk1ODM5MV5BMl5BanBnXkFtZTcwNDUzODYyMQ@@._V1_SX300.jpg";"N/A";
"tt0944068";"Age of Amazons, Episode II: Ancients Land";"N/A";"N/A";"N/A";"Adult";"Andrew Matis";"Andrew Matis";"Claudia Bluebell,Sandra Shine,Clara Bugatti,Carlo Minaldi";"English";"Hungary";"2006";"N/A";"N/A";"N/A";
"tt0944069";"Angel Blade Punish!";"7.6";"83 min";"44";"Animation,Action,Fantasy";"Masami Ôbari";"N/A";"Kristen Rutherford,Jessica Gee,Lara Cody,Michael Sorich";"Japanese";"Japan";"2004";"N/A";"N/A";"http://www.imdb.com/title//plotsummary?ref_=tt_ov_pl";
"tt0944070";"Antti";"N/A";"15 min";"N/A";"Short,Music";"Juha Karikoski";"Juha Karikoski";"Samuli Edelmann,Esko Nikkari,Mikko Rasila,Raili Tiensuu";"Finnish";"Finland";"1989";"N/A";"N/A";"N/A";
"tt0944071";"Beach Body Circuit Workout";"N/A";"60 min";"N/A";"Sport";"Carlos Perez";"Tom Henderson (deviser)";"Diane Youdale Mayhew,Christina Pape,Christina Haas,Jacob Rossen";"English";"UK";"2006";"N/A";"http://ia.media-imdb.com/images/M/MV5BMTY1OTg5NTgwNF5BMl5BanBnXkFtZTcwMDI5NjYzMQ@@._V1_SX300.jpg";"N/A";
"tt0944072";"A Belle of the Sage Brush";"N/A";"N/A";"N/A";"Short,Western";"N/A";"N/A";"N/A";"N/A";"USA";"1916";"N/A";"N/A";"N/A";
"tt0944073";"Bijelo Dugme";"N/A";"10 min";"N/A";"Documentary,Short";"Mica Milosevic";"Ljiljana Milosevic";"N/A";"Serbo-Croatian";"Yugoslavia";"1978";"N/A";"N/A";"N/A";
"tt0944074";"Blowing Broadway";"N/A";"N/A";"N/A";"Short,Comedy";"N/A";"N/A";"N/A";"N/A";"USA";"1916";"N/A";"N/A";"N/A";
"tt0944075";"Body and Soul 2 in 1 Aerobics Workout";"N/A";"70 min";"N/A";"Sport";"N/A";"N/A";"Diane Youdale Mayhew";"English";"UK";"1996";"N/A";"N/A";"N/A";
"tt0944076";"Bog mesti";"N/A";"N/A";"N/A";"N/A";"Arkadii Shifman";"N/A";"Vladimir Alekseev-Meskhiev,Olga Gladkova,Vitold Polonsky,Vladimir Volkhovskaya";"Russian";"Russia";"1918";"N/A";"N/A";"N/A";
"tt0944077";"Bohemian Town";"5.5";"3 min";"6";"Animation,Short";"Helen Hill";"N/A";"Martin Ontiveros,Julianna Parr,Trixy Sweetvittles";"English";"USA";"2004";"N/A";"N/A";"N/A";
"tt0944078";"Boxaerobics: Body Re-Shape, Kick & Punch Workout";"N/A";"60 min";"N/A";"Sport";"N/A";"N/A";"Suzanne Cox";"English";"UK";"2006";"N/A";"http://ia.media-imdb.com/images/M/MV5BMTQxODAzMzA4NF5BMl5BanBnXkFtZTcwNjE1OTI0MQ@@._V1_SX300.jpg";"http://www.imdb.com/title//plotsummary?ref_=tt_ov_pl";
"tt0944079";"Bozicna pecenica";"7.2";"55 min";"8";"Comedy";"Slobodan Radovic";"Stevan Sremac (novel), Jelica Zupanc (adaptation)";"Svetislav Goncic,Dragisa Milojkovic,Branka Pujic,Boris Pingovic";"Serbo-Croatian";"Serbia";"2007";"N/A";"N/A";"N/A";
"tt0944080";"Call Back";"4.0";"92 min";"184";"Horror,Thriller";"Ben Ross";"Ben Ross";"Chantelle Barry,Rob Benedict,Elisangela DiAlencar,Monica Gambee";"English";"USA";"2009";"N/A";"https://images-na.ssl-images-amazon.com/images/M/MV5BMWE3NWEyZDYtN2I3MC00OTA4LWEyZjgtY2ExMTg4YzAxMjAzXkEyXkFqcGdeQXVyMzU0NzkwMDg@._V1_SX300.jpg";"http://www.imdb.com/title//plotsummary?ref_=tt_ov_pl";
"tt0944081";"The Call of the Open Road";"N/A";"N/A";"N/A";"Short,Drama";"N/A";"N/A";"N/A";"N/A";"USA";"1916";"N/A";"N/A";"N/A";
"tt0944082";"The Challenge of Chivalry";"N/A";"N/A";"N/A";"Short,Drama";"N/A";"N/A";"N/A";"N/A";"USA";"1916";"N/A";"N/A";"N/A";
"tt0944083";"Circus Baby";"N/A";"5 min";"N/A";"Animation,Short";"Morton Schindel";"Maud Petersham (book), Miska Petersham (book)";"N/A";"English";"USA";"1956";"N/A";"N/A";"N/A";
"tt0944084";"The Count of Monte Cristo - Episode 2: The State Prisoner";"N/A";"N/A";"N/A";"Short";"Henri Pouctal";"N/A";"Léon Mathot,Alexandre Colas,Jean Garat,Jacques Robert";"French";"France";"1918";"N/A";"N/A";"N/A";
"tt0944085";"Czarna ksiezna";"N/A";"N/A";"N/A";"N/A";"Aleksander Hertz";"N/A";"N/A";"Polish";"Poland";"1918";"N/A";"N/A";"N/A";
"tt0944086";"Dance Aerobics";"N/A";"55 min";"N/A";"Sport";"N/A";"N/A";"Diane Youdale Mayhew";"English";"UK";"1999";"N/A";"http://ia.media-imdb.com/images/M/MV5BMTg1MjA3NjQwM15BMl5BanBnXkFtZTgwMDY2MTA2MDE@._V1_SX300.jpg";"http://www.imdb.com/title//plotsummary?ref_=tt_ov_pl";
"tt0944087";"Debauchery 3";"N/A";"140 min";"N/A";"Adult";"Jean-Yves Le Castel";"N/A";"Cynthia,Dora,Frank Gun,Katalin";"English";"USA";"1999";"N/A";"N/A";"N/A";
"tt0944088";"Debauchery 4";"N/A";"140 min";"N/A";"Adult";"Jean-Yves Le Castel";"N/A";"Yves Baillat,Barbara,Catherine Count,Beata Dalle";"N/A";"USA";"1999";"N/A";"N/A";"N/A";
"tt0944089";"Desert Gold";"N/A";"N/A";"N/A";"Short,Western";"N/A";"N/A";"N/A";"N/A";"USA";"1916";"N/A";"N/A";"N/A";
"tt0944090";"A Devil in His Own Home Town";"N/A";"N/A";"N/A";"Short,Comedy";"N/A";"N/A";"N/A";"N/A";"USA";"1916";"N/A";"N/A";"N/A";
"tt0944091";"The Dove of Peace";"N/A";"N/A";"N/A";"Short,Comedy";"N/A";"N/A";"N/A";"N/A";"USA";"1916";"N/A";"N/A";"N/A";
"tt0944092";"Due più due uguale a sette";"N/A";"N/A";"N/A";"N/A";"Nino Martinengo";"N/A";"Fanina Bey,Paola Boetschy,Lionel Buffalo,Giuseppe Majone Diaz";"Italian";"Italy";"1921";"N/A";"N/A";"N/A";
"tt0944093";"Eiken";"4.3";"60 min";"112";"Animation,Comedy,Romance";"Aransumi, Kiyotaka Ohata";"Seiji Matsuyama (story), Dianne Smith (adaptation), Tomoyasu Ôkubo (screenplay)";"Akeno Watanabe,Miwa Ohshiro,Masumi Asano,Marina Ôno";"Japanese";"Japan";"2003";"N/A";"http://ia.media-imdb.com/images/M/MV5BMTQ2MzI0ODg0M15BMl5BanBnXkFtZTcwMjkyMjgyMQ@@._V1_SX300.jpg";"N/A";
"tt0944094";"The End of the Road";"N/A";"N/A";"N/A";"Short,Drama";"N/A";"N/A";"N/A";"N/A";"USA";"1916";"N/A";"N/A";"N/A";
"tt0944095";"Esencia";"N/A";"10 min";"N/A";"Short,Drama";"J. Ignacio Garnica";"J. Ignacio Garnica";"Lilia Borquez,Daniel Patiño,Suemmy Trejo";"Spanish";"Mexico";"2006";"N/A";"N/A";"N/A";
"tt0944096";"Fires of Fate";"N/A";"N/A";"N/A";"Short,Drama";"N/A";"N/A";"N/A";"N/A";"USA";"1916";"N/A";"N/A";"N/A";
"tt0944097";"Ein Frauenherz";"N/A";"N/A";"N/A";"Short";"Charles Decroix";"N/A";"N/A";"N/A";"Germany";"1914";"N/A";"N/A";"N/A";
"tt0944098";"From the Bay of Fundy to the St. Lawrence";"N/A";"N/A";"N/A";"Documentary,Short";"N/A";"N/A";"N/A";"N/A";"USA";"1917";"N/A";"N/A";"N/A";
"tt0944099";"Georgian Bay to Winnipeg";"N/A";"N/A";"N/A";"Documentary,Short";"N/A";"N/A";"N/A";"N/A";"USA";"1917";"N/A";"N/A";"http://www.imdb.com/title//plotsummary?ref_=tt_ov_pl";
"tt0944100";"Girly Gang Bang 7";"N/A";"120 min";"N/A";"Adult";"Karl Kinkaid";"N/A";"Angel Dark,Suzie Diamond,Mili Jay,Veronica Da Souza";"English,French";"Canada";"2006";"N/A";"N/A";"N/A";
"tt0944101";"Good Dick";"6.5";"86 min";"6755";"Comedy,Drama,Romance";"Marianna Palka";"Marianna Palka";"Marianna Palka,Jason Ritter,Eric Edelstein,Mark Webber";"English,Polish,German";"USA";"2008";"54";"https://images-na.ssl-images-amazon.com/images/M/MV5BMzQyMjAxNjU1NF5BMl5BanBnXkFtZTcwNjY5ODg5MQ@@._V1_SX300.jpg";"http://www.imdb.com/title//plotsummary?ref_=tt_ov_pl";
"tt0944102";"Despite All That";"5.9";"62 min";"10";"Drama";"Shinji Imaoka";"Shinji Imaoka";"Mitsuyo Suwa,Takeshi Itô,Atsuko Suzuki,Mikio Satô";"Japanese";"Japan";"1999";"N/A";"N/A";"N/A";
"tt0944103";"Herr Pyp und sein Flirt";"N/A";"N/A";"N/A";"Short";"Charles Decroix";"N/A";"N/A";"N/A";"Germany";"1913";"N/A";"N/A";"N/A";
"tt0944104";"Das Herz einer Gattin";"N/A";"N/A";"N/A";"Short";"Charles Decroix";"N/A";"Carl Wilhelm";"N/A";"Germany";"1911";"N/A";"N/A";"N/A";
"tt0944105";"High Cost of Living";"N/A";"N/A";"N/A";"Short,Comedy";"N/A";"N/A";"N/A";"N/A";"USA";"1916";"N/A";"N/A";"N/A";
"tt0944106";"His Battling Blood";"N/A";"N/A";"N/A";"Short,Western";"N/A";"N/A";"N/A";"N/A";"USA";"1916";"N/A";"N/A";"N/A";
"tt0944107";"Hot Body Quick Strips: Blondes Tease, Brunettes Please";"7.2";"55 min";"11";"Documentary";"John Cross, Scott Hylton";"John Cross";"Mica,Zoe Britton,Nikki Nova,Darian Daniela";"English";"USA";"2004";"N/A";"N/A";"N/A";
"tt0944109";"Im Liebestaumel";"N/A";"N/A";"N/A";"Short";"Charles Decroix";"N/A";"Odette Liseron,Albert Paulig";"N/A";"Germany";"1914";"N/A";"N/A";"N/A";
"tt0944110";"Across the Ice";"N/A";"52 min";"N/A";"Documentary";"Seppo Rustanius";"Seppo Rustanius";"N/A";"Finnish";"Finland";"2005";"N/A";"N/A";"N/A";
"tt0944111";"Kisses and Fists";"N/A";"N/A";"N/A";"Short,Comedy";"N/A";"N/A";"N/A";"N/A";"USA";"1916";"N/A";"N/A";"N/A";
"tt0944112";"Die kleine Heiratsvermittlerin";"N/A";"N/A";"N/A";"Short";"Charles Decroix";"N/A";"N/A";"N/A";"Germany";"1914";"N/A";"N/A";"N/A";
"tt0944113";"Leg Affair 16";"N/A";"110 min";"N/A";"Adult";"Frank Thring";"N/A";"Krisztina Banks,Matt Bird,Tera Bond,Veronica Carso";"English";"USA";"2006";"N/A";"N/A";"N/A";
"tt0944114";"The Matriarch";"5.7";"90 min";"589";"Comedy,Drama";"Markku Pölönen";"Markku Pölönen";"Peter Franzén,Sanna-Kaisa Palo,Samuel Vauramo,Jenni Banerjee";"Finnish";"Finland";"2007";"N/A";"http://ia.media-imdb.com/images/M/MV5BODJlMDk0MjAtOGQ0MS00MTFkLTlkYWUtZTZjN2E4YWQzMDg2XkEyXkFqcGdeQXVyMjU3MzI1NzI@._V1_SX300.jpg";"http://www.imdb.com/title//plotsummary?ref_=tt_ov_pl";
"tt0944115";"Lost in the Shuffle";"N/A";"N/A";"N/A";"Short,Comedy";"N/A";"N/A";"N/A";"N/A";"USA";"1916";"N/A";"N/A";"N/A";
"tt0944116";"Love's Wilderness";"N/A";"N/A";"N/A";"Short,Drama";"N/A";"N/A";"N/A";"N/A";"USA";"1916";"N/A";"N/A";"N/A";
"tt0875132";"#DUPE#";"N/A";"N/A";"N/A";"Drama";"Aleksander Hertz";"Stanislaw Jerzy Kozlowski";"Halina Bruczówna,Józef Wegrzyn,Pawel Owerllo,Iza Kozlowska";"Polish";"Poland";"1921";"N/A";"N/A";"N/A";
"tt0944118";"Madame Winger Makes a Film: A Survival Guide for the 21st Century";"7.8";"10 min";"6";"Short";"Helen Hill";"Helen Hill";"N/A";"English";"USA";"2001";"N/A";"N/A";"N/A";
"tt0944119";"Salamamgkero";"6.0";"85 min";"35";"Fantasy,Horror";"Tata Esteban";"Tata Esteban (story), Grace Hill Serrano (screenplay)";"Michael De Mesa,Tanya Gomez,Tom Tom,Sunshine Dizon";"Tagalog,Filipino";"Philippines";"1986";"N/A";"https://images-na.ssl-images-amazon.com/images/M/MV5BYzk2ZTM5OWItMzJlMC00ZWE5LTg0NjMtMGZlZDYzMjFmY2E4XkEyXkFqcGdeQXVyNDUxNjc5NjY@._V1_SX300.jpg";"http://www.imdb.com/title//plotsummary?ref_=tt_ov_pl";
"tt0944120";"Mary Lost Her Lamb";"N/A";"N/A";"N/A";"Short,Comedy";"N/A";"N/A";"N/A";"N/A";"USA";"1916";"N/A";"N/A";"N/A";
"tt0944121";"Mary's Mixed Matrimony";"N/A";"N/A";"N/A";"Short,Comedy";"N/A";"N/A";"N/A";"N/A";"USA";"1916";"N/A";"N/A";"N/A";
"tt0944122";"The Mirror Effect";"N/A";"100 min";"N/A";"Adult";"Dennis Black Magic";"N/A";"Mya Diamond,Tarra White,Mili Jay,Vanessa Smoke";"English";"Belgium";"2007";"N/A";"N/A";"N/A";
"tt0944123";"Miss Suomi 1946";"N/A";"8 min";"N/A";"Short,News";"N/A";"N/A";"Matti Tamminen,Carl-Erik Creutz,Kirsti Sammalisto,Airi Ahola";"Finnish";"Finland";"1946";"N/A";"N/A";"N/A";
"tt0944124";"Montreal, Old and New";"N/A";"N/A";"N/A";"Documentary,Short";"N/A";"N/A";"N/A";"N/A";"USA";"1917";"N/A";"N/A";"N/A";
"tt0944125";"The Mystery of the Mesa";"N/A";"N/A";"N/A";"Short,Western";"N/A";"N/A";"N/A";"N/A";"USA";"1916";"N/A";"N/A";"N/A";
"tt0944126";"The Busy Inn";"N/A";"N/A";"N/A";"N/A";"Cheslav Sabinsky";"Cheslav Sabinsky (screenplay), Aleksandr Ostrovskiy (play)";"Pyotr Baksheyev,Vladimir Kvanin,Nathalie Lissenko,Vera Orlova";"Russian";"Russia";"1916";"N/A";"N/A";"N/A";
"tt0944127";"Na boykom meste";"3.4";"N/A";"7";"N/A";"Pyotr Chardynin";"Pyotr Chardynin (screenplay), Aleksandr Ostrovskiy (play)";"Arseniy Bibikov,Petr Birjukov,Pavel Knorr,Ivan Mozzhukhin";"Russian";"Russia";"1911";"N/A";"N/A";"N/A";
"tt0944128";"Die neue Gouvernante";"N/A";"N/A";"N/A";"Short";"Charles Decroix";"N/A";"N/A";"N/A";"Germany";"1911";"N/A";"N/A";"N/A";
"tt0944129";"Der neue Unterpräfekt";"N/A";"N/A";"N/A";"Short";"Charles Decroix";"N/A";"Dorrit Weixler";"N/A";"Germany";"1913";"N/A";"N/A";"N/A";
"tt0944130";"Oficio de melancolía";"N/A";"17 min";"N/A";"Short,Drama";"Yanet Lupercio";"Yanet Lupercio, Javier Posadas";"Gonzalo Blanco,Bibiana Boza,Montserrat de León,César Márquez";"Spanish";"Mexico";"2006";"N/A";"N/A";"N/A";
"tt0944131";"On the Altar of Honor";"N/A";"N/A";"N/A";"Short,Drama";"N/A";"N/A";"N/A";"N/A";"USA";"1916";"N/A";"N/A";"N/A";
"tt0944132";"Only Girls Allowed";"N/A";"N/A";"N/A";"Adult";"Greg Centauro";"N/A";"Cristina Bella,Veronica Clinton,Lora Croft,Judy Nero";"N/A";"Germany";"2006";"N/A";"N/A";"N/A";
"tt0944133";"Ottawa and Toronto";"N/A";"N/A";"N/A";"Documentary,Short";"N/A";"N/A";"N/A";"N/A";"USA";"1917";"N/A";"N/A";"N/A";
"tt0944134";"Poslední radost";"N/A";"N/A";"N/A";"Drama";"Václav Binovec";"Knut Hamsun (novel), Suzanne Marwille (screenplay)";"Ivan Bersenev,V. Ch. Vladimírov,Suzanne Marwille,Vera Orlova";"Czech";"Czechoslovakia";"1922";"N/A";"N/A";"N/A";
"tt0944135";"Postoyaly dvor";"N/A";"N/A";"N/A";"N/A";"Cheslav Sabinsky";"N/A";"Pyotr Baksheyev,Olga Kondorova,Vera Orlova,Nikolai Panov";"Russian";"Russia";"1918";"N/A";"N/A";"N/A";
"tt0944136";"Przestepcy";"N/A";"N/A";"N/A";"N/A";"Aleksander Hertz";"H. Kostrzewska";"Józef Wegrzyn,Halina Bruczówna,Boleslaw Mierzejewski,Irena Renardówna";"Polish";"Poland";"1921";"N/A";"N/A";"N/A";
"tt0944137";"Pusenje i zdravlje";"N/A";"17 min";"N/A";"Documentary,Short";"Jovan Matanovic";"Jovan Matanovic";"N/A";"Serbo-Croatian";"Yugoslavia";"1979";"N/A";"N/A";"N/A";
"tt0944138";"Quaint Quebec";"N/A";"N/A";"N/A";"Documentary,Short";"N/A";"N/A";"N/A";"N/A";"USA";"1917";"N/A";"N/A";"N/A";
"tt0944139";"The White Alligator";"5.5";"95 min";"21";"Horror";"H. Tjut Djalil";"N/A";"Soendjoto Adibroto,Bakir,Dorman Borisman,H.I.M. Damsyik";"Indonesian";"Indonesia";"1988";"N/A";"N/A";"N/A";
"tt0944140";"Reineke Fuchs - Aus dem Leben eines listigen Räubers";"N/A";"45 min";"N/A";"Documentary";"Stephane Chopard";"N/A";"N/A";"N/A";"Germany";"2005";"N/A";"N/A";"N/A";
"tt0944141";"Luonteita: Renny Harlin";"N/A";"43 min";"N/A";"Documentary";"Jussi Parviainen, Sohvi Sirkesalo";"Jussi Parviainen";"Renny Harlin,Jussi Parviainen";"Finnish";"Finland";"1990";"N/A";"N/A";"http://www.imdb.com/title//plotsummary?ref_=tt_ov_pl";
"tt0944142";"Resurrection Mary";"4.7";"91 min";"253";"Romance,Thriller";"Sean Michael Beyer";"Sean Michael Beyer, Ryan Lamaster";"Kevin G. Schmidt,Pamela Noble,Sally Kirkland,Kristin Herrera";"English";"USA";"2007";"N/A";"https://images-na.ssl-images-amazon.com/images/M/MV5BMjc4NDQxNDIwNl5BMl5BanBnXkFtZTcwMzE1NDc0Mg@@._V1_SX300.jpg";"http://www.imdb.com/title//plotsummary?ref_=tt_ov_pl";
"tt0944143";"El rostro humano: Resistencia civil pacífica";"N/A";"22 min";"N/A";"Short";"Óscar Blancarte";"Óscar Blancarte";"N/A";"Spanish";"Mexico";"2006";"N/A";"N/A";"N/A";
"tt0944144";"Sashka-Seminarist";"N/A";"N/A";"N/A";"N/A";"Cheslav Sabinsky";"N/A";"Pyotr Baksheyev,V. Kashuba,Vera Orlova,Nikolai Panov";"Russian";"Russia";"1915";"N/A";"N/A";"N/A";
"tt0944145";"Sex Toys Are Not Enough";"N/A";"120 min";"N/A";"Adult";"Greg Centauro";"N/A";"Bibi Black,Greg Centauro,Veronica Clinton,Jean-Yves Le Castel";"Italian";"Italy";"2007";"N/A";"N/A";"N/A";
"tt0944146";"Sezonowa milosc";"N/A";"N/A";"N/A";"N/A";"Aleksander Hertz";"N/A";"N/A";"Polish";"Poland";"1916";"N/A";"N/A";"N/A";
"tt0944147";"The Slave of Passion";"N/A";"N/A";"N/A";"Short,Drama";"N/A";"N/A";"N/A";"N/A";"USA";"1916";"N/A";"N/A";"N/A";
"tt0944148";"Soreyuke Marine-chan";"7.3";"86 min";"7";"Animation,Adult,Adventure";"Masami Ôbari";"Remu Aoki (script), Sanae Komiya (author), Hideki Nonomura (author), Yashiro Yokohama (screen adaptation: english version)";"Lara Cody,Peter Doyle,Chris Ernst,Harold Escalon";"Japanese";"Japan";"2001";"N/A";"N/A";"N/A";
"tt0944149";"Stantsionnyy smotritel";"N/A";"N/A";"N/A";"N/A";"Aleksandr Ivanovsky";"N/A";"Dimitri Buchowetzki,Vera Orlova,Polikarp Pavlov";"Russian";"Russia";"1918";"N/A";"N/A";"N/A";
"tt0944150";"Story of Sophia";"7.7";"84 min";"10";"Adult";"Hervé Bodilis";"Hervé Bodilis (scenario)";"Rick Angel,Sophia Bella,Victoria Blonde,James Brossman";"French";"France";"2006";"N/A";"N/A";"N/A";
"tt0944151";"Summer Circuit: Beach Body";"N/A";"55 min";"N/A";"Sport";"N/A";"N/A";"Diane Youdale Mayhew";"English";"UK";"1998";"N/A";"N/A";"N/A";
"tt0944152";"Suzanne Cox: Detox Plan... to a Healthier You";"N/A";"50 min";"N/A";"Sport";"N/A";"N/A";"Suzanne Cox";"English";"UK";"2000";"N/A";"http://ia.media-imdb.com/images/M/MV5BMTQ1MjQ0NDYxN15BMl5BanBnXkFtZTcwMjg2NjAwMQ@@._V1_SX300.jpg";"http://www.imdb.com/title//plotsummary?ref_=tt_ov_pl";
"tt0944153";"Suzanne Cox: Firm It Up";"N/A";"62 min";"N/A";"Sport";"N/A";"N/A";"Suzanne Cox";"English";"UK";"1999";"N/A";"http://ia.media-imdb.com/images/M/MV5BMTkzOTIwOTI5Ml5BMl5BanBnXkFtZTcwNzM2NjQyMQ@@._V1_SX300.jpg";"N/A";
"tt0944154";"Suzanne Cox: The Fix";"N/A";"62 min";"N/A";"Sport";"N/A";"N/A";"Suzanne Cox";"English";"UK";"1998";"N/A";"http://ia.media-imdb.com/images/M/MV5BMTM2MzgzNTk1OF5BMl5BanBnXkFtZTcwNTc2NzQyMQ@@._V1_SX300.jpg";"N/A";
"tt0944155";"Thou Shalt Not Covet";"N/A";"N/A";"N/A";"Short,Drama";"N/A";"N/A";"N/A";"N/A";"USA";"1916";"N/A";"N/A";"N/A";
"tt0944156";"Die Tipp-Mamsell";"N/A";"N/A";"N/A";"Short";"Charles Decroix";"N/A";"N/A";"N/A";"Germany";"1910";"N/A";"N/A";"N/A";
"tt0944157";"Tito - Zapisi filmskog snimatelja";"N/A";"68 min";"N/A";"Documentary";"Zorz Skrigin";"Aleksandar Arandjelovic, Eugen Arnesen, Zorz Skrigin";"N/A";"Serbo-Croatian";"Yugoslavia";"1971";"N/A";"N/A";"N/A";
"tt0944158";"The Toll of the City";"N/A";"N/A";"N/A";"Short,Drama";"N/A";"N/A";"N/A";"N/A";"USA";"1916";"N/A";"N/A";"N/A";
"tt0944159";"The Trail of Fate";"N/A";"N/A";"N/A";"Short,Drama";"N/A";"N/A";"N/A";"N/A";"USA";"1916";"N/A";"N/A";"N/A";
"tt0944160";"Fight for Justice";"4.7";"N/A";"33";"Thriller";"Jorgo Papavassiliou";"Timo Berndt";"Bettina Zimmermann,Kai Wiesinger,Elmar Wepper,Arndt Schwering-Sohnrey";"German";"Germany";"2007";"N/A";"http://ia.media-imdb.com/images/M/MV5BMTI3NTg4MDU3NV5BMl5BanBnXkFtZTcwMzgwOTI1MQ@@._V1_SX300.jpg";"N/A";
"tt0944161";"Vera Lynn Sings";"N/A";"40 min";"N/A";"Music";"N/A";"Freddie Robertson";"The Keynotes,The Leslie Roberts Silhouettes,Vera Lynn,Alberto Semprini";"English";"UK";"1957";"N/A";"N/A";"N/A";
"tt0944162";"Veronika Zemanova";"7.7";"63 min";"22";"N/A";"N/A";"N/A";"Veronika Zemanova,Danni Ashe,Edita Khainova,Aria Giovanni";"English";"USA";"2002";"N/A";"N/A";"N/A";
"tt0944163";"Vittorio's Supergirls";"N/A";"100 min";"N/A";"Adult";"Steve Morelli";"N/A";"Sandra Alessandrini,Dru Berrymore,Élodie Chérie,Olivia DeTreville";"Italian";"Italy";"1999";"N/A";"N/A";"N/A";
"tt0944164";"The Voice in the Night";"N/A";"N/A";"N/A";"Short,Western";"N/A";"N/A";"N/A";"N/A";"USA";"1916";"N/A";"N/A";"N/A";
"tt0944165";"WWE $250,000 Raw Diva Search";"4.1";"85 min";"37";"Reality-TV";"N/A";"N/A";"Camille Anderson,Jaynie Mae Baker,Eric Bischoff,Elizabeth Nicole Bradhurst";"English";"USA";"2005";"N/A";"N/A";"N/A";
"tt0944166";"Walking the Dog";"N/A";"N/A";"N/A";"Short,Comedy";"N/A";"N/A";"N/A";"N/A";"USA";"1916";"N/A";"N/A";"N/A";
"tt0944167";"Wenn die Liebe sich hineinmengt...";"N/A";"N/A";"N/A";"Short";"Charles Decroix";"N/A";"N/A";"N/A";"Germany";"1913";"N/A";"N/A";"N/A";
"tt0944168";"The Woman He Wed";"N/A";"N/A";"N/A";"Short,Drama";"N/A";"N/A";"N/A";"N/A";"USA";"1916";"N/A";"N/A";"N/A";
"tt0944169";"The Cloven Tongue";"N/A";"N/A";"N/A";"Drama";"Cheslav Sabinsky";"N/A";"Pyotr Baksheyev,Zoia Karabanova,Nathalie Lissenko,Vera Orlova";"Russian";"Russia";"1916";"N/A";"N/A";"N/A";
"tt0944170";"You Never Can Tell";"N/A";"N/A";"N/A";"Short,Comedy";"N/A";"N/A";"N/A";"N/A";"USA";"1916";"N/A";"N/A";"N/A";
"tt0483759";"#DUPE#";"6.3";"108 min";"586";"Comedy,Romance";"Juan Taratuto";"Pablo Solarz";"Diego Peretti,Carolina Pelleritti,Laura Pamplona,Daniel Rabinovich";"Spanish";"Argentina";"2007";"N/A";"N/A";"http://www.imdb.com/title//plotsummary?ref_=tt_ov_pl";
"tt0944173";"G4 Presents: The Adult Entertainment Expo";"N/A";"N/A";"N/A";"N/A";"Jesse Selwyn";"N/A";"Cynthia Boris,Jennifer Espino,Zach Selwyn,James Siciliano";"English";"USA";"2007";"N/A";"N/A";"N/A";
"tt0944174";"Ali's 65";"5.5";"N/A";"8";"Documentary";"N/A";"N/A";"Kareem Abdul-Jabbar,Rahaman Ali,Dave Anderson,Bob Arum";"English";"USA";"2007";"N/A";"N/A";"N/A";
"tt0944175";"Live from the Lawn";"N/A";"N/A";"N/A";"Musical";"Jon Brekke";"Michael Wurth";"Amy Hanaiali'i Gilliom";"English";"USA";"2007";"N/A";"N/A";"N/A";
"tt0944176";"Ritual Path";"N/A";"128 min";"N/A";"Animation";"John Banks";"N/A";"N/A";"English";"USA";"2007";"N/A";"N/A";"N/A";
"tt0944177";"Royal Rumble";"7.8";"210 min";"339";"Sport";"Kevin Dunn";"Court Bauer, Christopher DeJoseph, Brian Gewirtz, Dusty Rhodes, Michael Seitz";"Brooke Adams,Hazem Ali,Ken Anderson,Antonio Banks";"English";"USA";"2007";"N/A";"http://ia.media-imdb.com/images/M/MV5BMmI5OWQwZTYtMDMxZC00YmU1LWE5NjQtN2ZhZjdlNGM3OTdhXkEyXkFqcGdeQXVyMTEyMDcwNw@@._V1_SX300.jpg";"N/A";
"tt0944183";"4x100";"6.5";"72 min";"6";"Comedy,Drama,Sport";"György Dobray";"Zoltán Egressy (play)";"Ági Szirtes,Gábor Máté,Réka Pelsöczy,Ágnes Bertalan";"Hungarian";"Hungary";"2007";"N/A";"N/A";"N/A";
"tt0944184";"Ammahit phitsawat";"4.4";"105 min";"54";"Thriller";"Sarunyu Wongkrachang";"Sarunyu Wongkrachang";"Prangthong Changdham,Tawan Charujinda,Benjaphol Choey-arun,Bongkoj Khongmalai";"Thai";"Thailand";"2006";"N/A";"http://ia.media-imdb.com/images/M/MV5BMTM4NzgzNTk3Nl5BMl5BanBnXkFtZTgwMDQ5MTg2MDE@._V1_SX300.jpg";"http://www.imdb.com/title//plotsummary?ref_=tt_ov_pl";
"tt0944185";"Andhrudu";"7.2";"155 min";"99";"Action,Crime,Drama";"Murali Paruchari";"Gopi (dialogue), Murali Paruchari (screenplay), Murali Paruchari (story), Ramesh (dialogue)";"Tottempudi Gopichand,Gowri Pandit,Sayaji Shinde,Saleem Baig";"Telugu,Hindi";"India";"2005";"N/A";"N/A";"N/A";
"tt0944186";"Angels of Mercy";"N/A";"48 min";"N/A";"Documentary";"Katherine Jeans";"N/A";"N/A";"English";"Canada";"1995";"N/A";"N/A";"N/A";
"tt0944188";"Boldog új élet";"6.8";"80 min";"60";"Drama";"Árpád Bogdán";"Árpád Bogdán";"Lajos Orsós,Michaela Göczi,Zsolt Kovács,István Szilvási";"Hungarian";"Hungary";"2007";"N/A";"N/A";"N/A";
"tt0944189";"Canvas of Conflict";"N/A";"48 min";"N/A";"Documentary";"Katherine Jeans";"N/A";"N/A";"English";"Canada";"1996";"N/A";"N/A";"N/A";
"tt0944191";"Citizen Soldiers: The Story of the 129th Transportation Company";"N/A";"N/A";"N/A";"Short";"Jacob Weller";"Jacob Weller";"N/A";"English";"USA";"2004";"N/A";"N/A";"N/A";
"tt0944194";"Di che peccato sei?";"4.1";"N/A";"18";"Comedy";"Pier Francesco Pingitore";"Pier Francesco Pingitore";"Tosca D'Aquino,Pippo Franco,Antonio Giuliani,Biagio Izzo";"Italian";"Italy";"2007";"N/A";"N/A";"N/A";
"tt0944195";"Dubai Seenu";"6.6";"157 min";"623";"Comedy";"Sreenu Vaitla";"Ramana Chintapally (dialogue), Gopimohan (story treatment), Saikrishna, Sreenu Vaitla (screenplay), Sreenu Vaitla (story)";"Ravi Teja,Nayanthara,J.D. Chakravarthi,Neha Bamb";"Telugu";"India";"2007";"N/A";"https://images-na.ssl-images-amazon.com/images/M/MV5BODFmYTcyZTgtYTY1MC00OWY4LTliYTQtN2NmMGJjNjI2NTdhXkEyXkFqcGdeQXVyNjE3Mzg5Njk@._V1_SX300.jpg";"N/A";
"tt0944196";"Ellipses";"N/A";"N/A";"N/A";"Short,Drama";"Manuel Perez-Tejada";"Manuel Perez-Tejada";"Chris Blunk";"English";"USA";"2003";"N/A";"N/A";"N/A";
"tt0944197";"Frame by Frame: The Invisible Art of Carol Spier";"N/A";"48 min";"N/A";"N/A";"Katherine Jeans";"Katherine Jeans";"N/A";"English";"Canada";"1997";"N/A";"N/A";"N/A";
"tt0944198";"The Gig";"4.2";"97 min";"29";"Comedy";"Theeratorn Siriphunvaraporn";"N/A";"Nutthachart Chankan,Primorata Dejudom,Bromwut Hirunyatthiti,Aphistaa Khreuakhongkhaa";"Thai";"Thailand";"2006";"N/A";"N/A";"N/A";
"tt0944199";"HBO: The Making of 'The Sopranos: Road to Respect'";"8.0";"N/A";"35";"Drama";"Douglas Carrigan";"Marianne Krawczyk, Anthony Sparks (dialogue), Malcolm Spellman (game writer)";"Benjamin Bryan,Douglas Carrigan,David Chase,Robert Costanzo";"English";"USA";"2006";"N/A";"N/A";"http://www.imdb.com/title//plotsummary?ref_=tt_ov_pl";
